ADJUSTED G VALUE,,,,,787-8 RAW DATA FROM PIANO X,,,,787-9 NO PREADJUSTED FUEL BURNT & ROC,,,,,787-9 PREADJUSTED FUEL BURNT & ROC (x1.08 & x0.92),,,
Stan. G (m/s^2),9.80665,,,,,,,,,,,,,,,,
Earth radius (m) ,63710088,,,,,,,,,,,,,,,,
Altitude (feet) ,Altitude (m)*,Adjusted G*,RANGE,MASS INIT (KG) ,Fuel Burnt (kg) ,Altitude (feet) ,ROC (feet/min) ,,Fuel Burnt (kg) ,Weight (N)*,Altitude (feet) ,ROC (feet/min),,Fuel Burnt (kg)* ,Weight (N)*,Altitude (feet) ,ROC (feet/min)*
35,10.66799966,9.806646716,7400 NM,227818,0,35,2357,,0,2234130.642,35,2357,,0,2234130.642,35,2168.44
198,60.35039807,9.806631421,,,20.8,198,2349,,20.8,2233923.179,198,2349,,22.464,2233906.861,198,2161.08
361,110.0327965,9.806616126,,,41.7,361,2341,,41.7,2233714.737,361,2341,,45.036,2233682.022,361,2153.72
523,159.4103949,9.806600925,,,62.5,523,2333,,62.5,2233507.297,523,2333,,67.5,2233458.264,523,2146.36
686,209.0927933,9.806585631,,,83.3,686,2325,,83.3,2233299.837,686,2325,,89.964,2233234.486,686,2139
849,258.7751917,9.806570336,,,104.2,849,2317,,104.2,2233091.396,849,2317,,112.536,2233009.649,849,2131.64
1012,308.4575901,9.806555041,,,125,1012,2309,,125,2232883.937,1012,2309,,135,2232785.871,1012,2124.28
1174,357.8351885,9.806539841,,,145.8,1174,2301,,145.8,2232676.5,1174,2301,,157.464,2232562.116,1174,2116.92
1337,407.517587,9.806524546,,,166.7,1337,2293,,166.7,2232468.061,1337,2293,,180.036,2232337.282,1337,2109.56
1500,457.1999854,9.806509251,,,187.5,1500,2285,,187.5,2232260.604,1500,2285,,202.5,2232113.507,1500,2102.2
1500,457.1999854,9.806509251,,,340.8,1500,2993,,340.8,2230757.266,1500,2993,,368.064,2230489.902,1500,2753.56
1947,593.445581,9.806467309,,,383.1,1947,2967,,383.1,2230332.912,1947,2967,,413.748,2230032.363,1947,2729.64
2395,729.9959766,9.806425273,,,425.3,2395,2941,,425.3,2229909.52,2395,2941,,459.324,2229575.866,2395,2705.72
2842,866.2415723,9.806383331,,,467.5,2842,2914,,467.5,2229486.153,2842,2914,,504.9,2229119.395,2842,2680.88
3289,1002.487168,9.806341389,,,509.8,3289,2888,,509.8,2229061.81,3289,2888,,550.584,2228661.868,3289,2656.96
3737,1139.037564,9.806299354,,,552.1,3737,2861,,552.1,2228637.448,3737,2861,,596.268,2228204.324,3737,2632.12
4184,1275.283159,9.806257413,,,594.4,4184,2834,,594.4,2228213.112,4184,2834,,641.952,2227746.805,4184,2607.28
4632,1411.833555,9.806215378,,,636.7,4632,2807,,636.7,2227788.758,4632,2807,,687.636,2227289.268,4632,2582.44
5079,1548.07915,9.806173438,,,679.1,5079,2779,,679.1,2227363.448,5079,2779,,733.428,2226830.698,5079,2556.68
5526,1684.324746,9.806131497,,,721.5,5526,2750,,721.5,2226938.142,5526,2750,,779.22,2226372.132,5526,2530
5974,1820.875142,9.806089463,,,764,5974,2720,,764,2226511.837,5974,2720,,825.12,2225912.489,5974,2502.4
6421,1957.120737,9.806047524,,,806.5,6421,2690,,806.5,2226085.557,6421,2690,,871.02,2225452.871,6421,2474.8
6868,2093.366333,9.806005584,,,849.2,6868,2659,,849.2,2225657.32,6868,2659,,917.136,2224991.139,6868,2446.28
7316,2229.916729,9.805963551,,,891.9,7316,2629,,891.9,2225229.065,7316,2629,,963.252,2224529.39,7316,2418.68
7763,2366.162324,9.805921612,,,934.7,7763,2598,,934.7,2224799.855,7763,2598,,1009.476,2224066.607,7763,2390.16
8211,2502.71272,9.805879579,,,977.7,8211,2566,,977.7,2224368.666,8211,2566,,1055.916,2223601.689,8211,2360.72
8658,2638.958316,9.805837641,,,1020.7,8658,2534,,1020.7,2223937.501,8658,2534,,1102.356,2223136.796,8658,2331.28
9105,2775.203911,9.805795703,,,1063.9,9105,2502,,1063.9,2223504.379,9105,2502,,1149.012,2222669.788,9105,2301.84
9553,2911.754307,9.805753671,,,1107.2,9553,2470,,1107.2,2223070.259,9553,2470,,1195.776,2222201.705,9553,2272.4
10000,3047.999902,9.805711733,,,1150.7,10000,2437,,1150.7,2222634.203,10000,2437,,1242.756,2221731.529,10000,2242.04
10000,3047.999902,9.805711733,,,1283.9,10000,2569,,1283.9,2221328.082,10000,2569,,1386.612,2220320.918,10000,2363.48
11180,3407.663891,9.805601027,,,1397.2,11180,2473,,1397.2,2220192.029,11180,2473,,1508.976,2219095.998,11180,2275.16
12360,3767.327879,9.805490322,,,1512,12360,2375,,1512,2219041.293,12360,2375,,1632.96,2217855.221,12360,2185
13540,4126.991868,9.805379619,,,1628.5,13540,2275,,1628.5,2217873.913,13540,2275,,1758.78,2216596.469,13540,2093
14720,4486.655856,9.805268918,,,1747,14720,2174,,1747,2216686.95,14720,2174,,1886.76,2215316.565,14720,2000.08
15900,4846.319845,9.805158219,,,1867.6,15900,2077,,1867.6,2215479.422,15900,2077,,2017.008,2214014.453,15900,1910.84
17080,5205.983833,9.805047522,,,1990.5,17080,1986,,1990.5,2214249.369,17080,1986,,2149.74,2212688.014,17080,1827.12
18259,5565.343022,9.804936921,,,2115.9,18259,1893,,2115.9,2212994.853,18259,1893,,2285.172,2211335.152,18259,1741.56
19439,5925.00701,9.804826227,,,2244.2,19439,1800,,2244.2,2211711.91,19439,1800,,2423.736,2209951.591,19439,1656
20619,6284.670999,9.804715536,,,2375.7,20619,1709,,2375.7,2210397.621,20619,1709,,2565.756,2208534.176,20619,1572.28
21799,6644.334987,9.804604846,,,2510.6,21799,1620,,2510.6,2209050.026,21799,1620,,2711.448,2207080.791,21799,1490.4
22979,7003.998976,9.804494158,,,2649.4,22979,1531,,2649.4,2207664.223,22979,1531,,2861.352,2205586.141,22979,1408.52
24159,7363.662964,9.804383472,,,2792.6,24159,1444,,2792.6,2206235.313,24159,1444,,3016.008,2204044.935,24159,1328.48
25339,7723.326953,9.804272788,,,2940.8,25339,1357,,2940.8,2204757.413,25339,1357,,3176.064,2202450.82,25339,1248.44
26519,8082.990941,9.804162106,,,3094.6,26519,1264,,3094.6,2203224.643,26519,1264,,3342.168,2200797.446,26519,1162.88
27699,8442.65493,9.804051425,,,3255.3,27699,1172,,3255.3,2201624.259,27699,1172,,3515.724,2199071.049,27699,1078.24
28879,8802.318918,9.803940747,,,3423.8,28879,1081,,3423.8,2199947.441,28879,1081,,3697.704,2197262.102,28879,994.52
30059,9161.982907,9.80383007,,,3601.6,30059,991,,3601.6,2198179.485,30059,991,,3889.728,2195354.727,30059,911.72
31239,9521.646895,9.803719396,,,3791.6,31239,887,,3791.6,2196291.963,31239,887,,4094.928,2193318.22,31239,816.04
32418,9881.006084,9.803608817,,,3997.5,32418,787,,3997.5,2194248.627,32418,787,,4317.3,2191113.433,32418,724.04
32418,9881.006084,9.803608817,,,3997.5,32418,1146,,3997.5,2194248.627,32418,1146,,4317.3,2191113.433,32418,1054.32
32607,9938.613282,9.80359109,,,4021.2,32607,1126,,4021.2,2194012.315,32607,1126,,4342.896,2190858.538,32607,1035.92
32795,9995.91568,9.803573458,,,4045.1,32795,1106,,4045.1,2193774.063,32795,1106,,4368.708,2190601.548,32795,1017.52
32984,10053.52288,9.803555732,,,4069.4,32984,1086,,4069.4,2193531.87,32984,1086,,4394.952,2190340.303,32984,999.12
33172,10110.82528,9.8035381,,,4093.9,33172,1065,,4093.9,2193287.738,33172,1065,,4421.412,2190076.962,33172,979.8
33361,10168.43247,9.803520373,,,4118.7,33361,1044,,4118.7,2193040.645,33361,1044,,4448.196,2189810.424,33361,960.48
33549,10225.73487,9.803502741,,,4143.8,33549,1023,,4143.8,2192790.633,33549,1023,,4475.304,2189540.732,33549,941.16
33738,10283.34207,9.803485015,,,4169.3,33738,1001,,4169.3,2192536.679,33738,1001,,4502.844,2189266.786,33738,920.92
33926,10340.64447,9.803467383,,,4195.2,33926,979,,4195.2,2192278.826,33926,979,,4530.816,2188988.625,33926,900.68
34115,10398.25167,9.803449657,,,4221.4,34115,956,,4221.4,2192018.012,34115,956,,4559.112,2188707.269,34115,879.52
34303,10455.55407,9.803432025,,,4248.2,34303,933,,4248.2,2191751.337,34303,933,,4588.056,2188419.582,34303,858.36
34492,10513.16126,9.8034143,,,4275.4,34492,909,,4275.4,2191480.721,34492,909,,4617.432,2188127.64,34492,836.28
34680,10570.46366,9.803396668,,,4303.1,34680,885,,4303.1,2191205.226,34680,885,,4647.348,2187830.426,34680,814.2
34869,10628.07086,9.803378942,,,4331.4,34869,860,,4331.4,2190923.828,34869,860,,4677.912,2187526.84,34869,791.2
35057,10685.37326,9.80336131,,,4360.3,35057,834,,4360.3,2190636.571,35057,834,,4709.124,2187216.923,35057,767.28
35246,10742.98046,9.803343585,,,4389.9,35246,803,,4389.9,2190342.431,35246,803,,4741.092,2186899.575,35246,738.76
35434,10800.28285,9.803325953,,,4420.5,35434,771,,4420.5,2190038.51,35434,771,,4774.14,2186571.661,35434,709.32
35623,10857.89005,9.803308227,,,4452,35623,738,,4452,2189725.746,35623,738,,4808.16,2186234.199,35623,678.96
35811,10915.19245,9.803290596,,,4484.7,35811,704,,4484.7,2189401.24,35811,704,,4843.476,2185884.054,35811,647.68
36000,10972.79965,9.80327287,,,4518.7,36000,669,,4518.7,2189063.97,36000,669,,4880.196,2185520.126,36000,615.48
36000,10972.79965,9.80327287,,,26628.4,36000,1013,,26628.4,1972316.547,36000,1013,,28758.672,1951432.91,36000,931.96
36105,11004.80365,9.803263023,,,26642.3,36105,899,,26642.3,1972178.301,36105,899,,28773.684,1951283.783,36105,827.08
36211,11037.11245,9.803253082,,,26657,36211,883,,26657,1972032.193,36211,883,,28789.56,1951126.168,36211,812.36
36316,11069.11645,9.803243234,,,26672,36316,867,,26672,1971883.164,36316,867,,28805.76,1950965.395,36316,797.64
36421,11101.12044,9.803233387,,,26687.1,36421,850,,26687.1,1971733.154,36421,850,,28822.068,1950803.564,36421,782
36526,11133.12444,9.80322354,,,26702.4,36526,834,,26702.4,1971581.184,36526,834,,28838.592,1950639.616,36526,767.28
36632,11165.43324,9.803213599,,,26718,36632,817,,26718,1971426.255,36632,817,,28855.44,1950472.474,36632,751.64
36737,11197.43724,9.803203751,,,26733.8,36737,800,,26733.8,1971269.384,36737,800,,28872.504,1950303.233,36737,736
36842,11229.44124,9.803193904,,,26749.9,36842,783,,26749.9,1971109.572,36842,783,,28889.892,1950130.816,36842,720.36
36947,11261.44524,9.803184057,,,26766.2,36947,765,,26766.2,1970947.8,36947,765,,28907.496,1949956.282,36947,703.8
37053,11293.75404,9.803174116,,,26782.8,37053,748,,26782.8,1970783.069,37053,748,,28925.424,1949778.553,37053,688.16
37158,11325.75804,9.803164268,,,26799.7,37158,730,,26799.7,1970615.416,37158,730,,28943.676,1949597.667,37158,671.6
37263,11357.76204,9.803154421,,,26817,37263,713,,26817,1970443.842,37263,713,,28962.36,1949412.546,37263,655.96
37368,11389.76604,9.803144574,,,26834.5,37368,695,,26834.5,1970270.307,37368,695,,28981.26,1949225.309,37368,639.4
37474,11422.07483,9.803134633,,,26852.5,37474,676,,26852.5,1970091.853,37474,676,,29000.7,1949032.759,37474,621.92
37579,11454.07883,9.803124786,,,26870.8,37579,658,,26870.8,1969910.477,37579,658,,29020.464,1948837.052,37579,605.36
37684,11486.08283,9.803114938,,,26889.5,37684,639,,26889.5,1969725.18,37684,639,,29040.66,1948637.111,37684,587.88
37789,11518.08683,9.803105091,,,26908.7,37789,621,,26908.7,1969534.982,37789,621,,29061.396,1948431.877,37789,571.32
37895,11550.39563,9.80309515,,,26928.4,37895,602,,26928.4,1969339.864,37895,602,,29082.672,1948221.33,37895,553.84
38000,11582.39963,9.803085303,,,26948.6,38000,582,,26948.6,1969139.863,38000,582,,29104.488,1948005.509,38000,535.44
38000,11582.39963,9.803085303,,,45149.9,38000,875,,45149.9,1790710.966,38000,875,,48761.892,1755302.301,38000,805
38105,11614.40363,9.803075456,,,45163.7,38105,857,,45163.7,1790573.885,38105,857,,48776.796,1755154.433,38105,788.44
38211,11646.71243,9.803065515,,,45177.6,38211,840,,45177.6,1790435.807,38211,840,,48791.808,1755005.489,38211,772.8
38316,11678.71643,9.803055668,,,45191.7,38316,822,,45191.7,1790295.785,38316,822,,48807.036,1754854.445,38316,756.24
38421,11710.72043,9.803045821,,,45206,38421,804,,45206,1790153.803,38421,804,,48822.48,1754701.284,38421,739.68
38526,11742.72442,9.803035974,,,45220.6,38526,785,,45220.6,1790008.881,38526,785,,48838.248,1754544.947,38526,722.2
38632,11775.03322,9.803026033,,,45235.5,38632,767,,45235.5,1789861.001,38632,767,,48854.34,1754385.418,38632,705.64
38737,11807.03722,9.803016186,,,45250.6,38737,748,,45250.6,1789711.177,38737,748,,48870.648,1754223.788,38737,688.16
38842,11839.04122,9.803006339,,,45266,38842,730,,45266,1789558.413,38842,730,,48887.28,1754058.982,38842,671.6
38947,11871.04522,9.802996492,,,45281.7,38947,711,,45281.7,1789402.709,38947,711,,48904.236,1753891.001,38947,654.12
39053,11903.35402,9.802986551,,,45297.7,39053,694,,45297.7,1789244.046,39053,694,,48921.516,1753719.827,39053,638.48
39158,11935.35802,9.802976704,,,45314,39158,679,,45314,1789082.46,39158,679,,48939.12,1753545.494,39158,624.68
39263,11967.36202,9.802966857,,,45330.6,39263,664,,45330.6,1788917.934,39263,664,,48957.048,1753367.985,39263,610.88
39368,11999.36602,9.80295701,,,45347.6,39368,649,,45347.6,1788749.487,39368,649,,48975.408,1753186.241,39368,597.08
39474,12031.67481,9.80294707,,,45364.8,39474,633,,45364.8,1788579.062,39474,633,,48993.984,1753002.364,39474,582.36
39579,12063.67881,9.802937223,,,45382.4,39579,618,,45382.4,1788404.734,39579,618,,49012.992,1752814.269,39579,568.56
39684,12095.68281,9.802927376,,,45400.3,39684,602,,45400.3,1788227.465,39684,602,,49032.324,1752622.998,39684,553.84
39789,12127.68681,9.802917529,,,45418.7,39789,586,,45418.7,1788045.295,39789,586,,49052.196,1752426.434,39789,539.12
39895,12159.99561,9.802907588,,,45437.5,39895,570,,45437.5,1787859.187,39895,570,,49072.5,1752225.618,39895,524.4
40000,12191.99961,9.802897741,,,45456.7,40000,553,,45456.7,1787669.176,40000,553,,49093.236,1752020.585,40000,508.76
40000,12191.99961,9.802897741,,,68050.2,40000,947,,68050.2,1566187.406,40000,947,,73494.216,1512820.274,40000,871.24
40158,12240.15801,9.802882924,,,68067.4,40158,926,,68067.4,1566016.429,40158,926,,73512.792,1512635.889,40158,851.92
40316,12288.31641,9.802868107,,,68084.9,40316,904,,68084.9,1565842.512,40316,904,,73531.692,1512448.328,40316,831.68
40474,12336.47481,9.80285329,,,68102.7,40474,883,,68102.7,1565665.654,40474,883,,73550.916,1512257.592,40474,812.36
40632,12384.6332,9.802838473,,,68120.8,40632,860,,68120.8,1565485.856,40632,860,,73570.464,1512063.68,40632,791.2
40789,12432.4868,9.80282375,,,68139.3,40789,838,,68139.3,1565302.153,40789,838,,73590.444,1511865.549,40789,770.96
40947,12480.6452,9.802808933,,,68158.1,40947,815,,68158.1,1565115.494,40947,815,,73610.748,1511664.227,40947,749.8
41105,12528.8036,9.802794116,,,68177.3,41105,792,,68177.3,1564924.915,41105,792,,73631.484,1511458.672,41105,728.64
41263,12576.962,9.802779299,,,68197,41263,768,,68197,1564729.434,41263,768,,73652.76,1511247.823,41263,706.56
41421,12625.1204,9.802764482,,,68217.1,41421,745,,68217.1,1564530.034,41421,745,,73674.468,1511032.741,41421,685.4
41579,12673.27879,9.802749665,,,68237.8,41579,720,,68237.8,1564324.752,41579,720,,73696.824,1510811.306,41579,662.4
41737,12721.43719,9.802734848,,,68258.9,41737,696,,68258.9,1564115.55,41737,696,,73719.612,1510585.638,41737,640.32
41895,12769.59559,9.802720032,,,68280.7,41895,671,,68280.7,1563899.487,41895,671,,73743.156,1510352.56,41895,617.32
42053,12817.75399,9.802705215,,,68303.2,42053,645,,68303.2,1563676.562,42053,645,,73767.456,1510112.071,42053,593.4
42211,12865.91239,9.802690398,,,68326.4,42211,619,,68326.4,1563446.776,42211,619,,73792.512,1509864.172,42211,569.48
42368,12913.76599,9.802675675,,,68350.4,42368,593,,68350.4,1563209.164,42368,593,,73818.432,1509607.819,42368,545.56
42526,12961.92439,9.802660859,,,68375.3,42526,566,,68375.3,1562962.714,42526,566,,73845.324,1509341.924,42526,520.72
42684,13010.08278,9.802646042,,,68401.2,42684,539,,68401.2,1562706.464,42684,539,,73873.296,1509065.443,42684,495.88
42842,13058.24118,9.802631225,,,68428.3,42842,512,,68428.3,1562438.45,42842,512,,73902.564,1508776.259,42842,471.04
43000,13106.39958,9.802616409,,,68456.6,43000,483,,68456.6,1562158.675,43000,483,,73933.128,1508474.371,43000,444.36
0,0,9.80665,7400 NM,211368,0,35,2580,,0,2072811.997,35,2580,,0,2072811.997,35,2373.6
19,5.791199815,9.806648217,,,19,198,2572,,19,2072625.294,198,2572,,20.52,2072610.388,198,2366.24
38,11.58239963,9.806646434,,,38,361,2564,,38,2072438.591,361,2564,,41.04,2072408.779,361,2358.88
57,17.37359944,9.806644651,,,57,523,2556,,57,2072251.888,523,2556,,61.56,2072207.17,523,2351.52
76,23.16479926,9.806642869,,,76,686,2548,,76,2072065.185,686,2548,,82.08,2072005.561,686,2344.16
95,28.95599907,9.806641086,,,95,849,2540,,95,2071878.482,849,2540,,102.6,2071803.952,849,2336.8
114,34.74719889,9.806639303,,,114,1012,2531,,114,2071691.779,1012,2531,,123.12,2071602.343,1012,2328.52
133,40.5383987,9.80663752,,,133,1174,2523,,133,2071505.077,1174,2523,,143.64,2071400.734,1174,2321.16
152,46.32959852,9.806635737,,,152,1337,2515,,152,2071318.374,1337,2515,,164.16,2071199.125,1337,2313.8
171,52.12079833,9.806633955,,,171,1500,2507,,171,2071131.671,1500,2507,,184.68,2070997.517,1500,2306.44
317.4,96.7435169,9.806620217,,,317.4,1500,3347,,317.4,2069693.081,1500,3347,,342.792,2069444.071,1500,3079.24
355.1,108.2344765,9.80661668,,,355.1,1947,3320,,355.1,2069322.625,1947,3320,,383.508,2069044.038,1947,3054.4
392.8,119.7254362,9.806613142,,,392.8,2395,3292,,392.8,2068952.169,2395,3292,,424.224,2068644.006,2395,3028.64
430.6,131.2468758,9.806609595,,,430.6,2842,3265,,430.6,2068580.731,2842,3265,,465.048,2068242.913,2842,3003.8
468.3,142.7378354,9.806606058,,,468.3,3289,3237,,468.3,2068210.276,3289,3237,,505.764,2067842.881,3289,2978.04
506,154.2287951,9.80660252,,,506,3737,3208,,506,2067839.821,3737,3208,,546.48,2067442.849,3737,2951.36
543.7,165.7197547,9.806598983,,,543.7,4184,3180,,543.7,2067469.366,4184,3180,,587.196,2067042.818,4184,2925.6
581.4,177.2107143,9.806595445,,,581.4,4632,3151,,581.4,2067098.912,4632,3151,,627.912,2066642.787,4632,2898.92
619.1,188.701674,9.806591908,,,619.1,5079,3122,,619.1,2066728.457,5079,3122,,668.628,2066242.756,5079,2872.24
656.9,200.2231136,9.806588361,,,656.9,5526,3091,,656.9,2066357.021,5526,3091,,709.452,2065841.665,5526,2843.72
694.7,211.7445532,9.806584814,,,694.7,5974,3059,,694.7,2065985.585,5974,3059,,750.276,2065440.574,5974,2814.28
732.5,223.2659929,9.806581267,,,732.5,6421,3028,,732.5,2065614.149,6421,3028,,791.1,2065039.483,6421,2785.76
770.4,234.8179125,9.806577711,,,770.4,6868,2996,,770.4,2065241.73,6868,2996,,832.032,2064637.331,6868,2756.32
808.3,246.3698321,9.806574155,,,808.3,7316,2963,,808.3,2064869.312,7316,2963,,872.964,2064235.18,7316,2725.96
846.3,257.9522317,9.806570589,,,846.3,7763,2931,,846.3,2064495.912,7763,2931,,914.004,2063831.968,7763,2696.52
884.3,269.5346314,9.806567024,,,884.3,8211,2897,,884.3,2064122.511,8211,2897,,955.044,2063428.756,8211,2665.24
922.4,281.147511,9.806563449,,,922.4,8658,2864,,922.4,2063748.129,8658,2864,,996.192,2063024.483,8658,2634.88
960.6,292.7908706,9.806559864,,,960.6,9105,2830,,960.6,2063372.764,9105,2830,,1037.448,2062619.149,9105,2603.6
998.9,304.4647103,9.80655627,,,998.9,9553,2796,,998.9,2062996.417,9553,2796,,1078.812,2062212.755,9553,2572.32
1037.3,316.1690299,9.806552667,,,1037.3,10000,2761,,1037.3,2062619.087,10000,2761,,1120.284,2061805.3,10000,2540.12
1150.4,350.6419088,9.806542055,,,1150.4,10000,2837,,1150.4,2061507.735,10000,2837,,1242.432,2060605.219,10000,2610.04
1255.6,382.7068678,9.806532184,,,1255.6,11213,2733,,1255.6,2060474.013,11213,2733,,1356.048,2059488.966,11213,2514.36
1362,415.1375867,9.8065222,,,1362,12425,2626,,1362,2059428.501,12425,2626,,1470.96,2058359.983,12425,2415.92
1469.8,447.9950257,9.806512085,,,1469.8,13638,2517,,1469.8,2058369.235,13638,2517,,1587.384,2057216.146,13638,2315.64
1579.4,481.4011046,9.806501801,,,1579.4,14850,2407,,1579.4,2057292.284,14850,2407,,1705.752,2056053.213,14850,2214.44
1690.8,515.3558235,9.806491348,,,1690.8,16063,2298,,1690.8,2056197.648,16063,2298,,1826.064,2054871.183,16063,2114.16
1804.2,549.9201424,9.806480708,,,1804.2,17275,2199,,1804.2,2055083.362,17275,2199,,1948.536,2053667.934,17275,2023.08
1919.7,585.1245413,9.806469871,,,1919.7,18488,2098,,1919.7,2053948.443,18488,2098,,2073.276,2052442.405,18488,1930.16
2037.7,621.0909401,9.806458798,,,2037.7,19701,1996,,2037.7,2052788.962,19701,1996,,2200.716,2051190.353,19701,1836.32
2158.4,657.8802989,9.806447473,,,2158.4,20913,1898,,2158.4,2051602.953,20913,1898,,2331.072,2049909.654,20913,1746.16
2282.1,695.5840577,9.806435866,,,2282.1,22126,1801,,2282.1,2050387.469,22126,1801,,2464.668,2048597.128,22126,1656.92
2409.1,734.2936565,9.80642395,,,2409.1,23338,1704,,2409.1,2049139.562,23338,1704,,2601.828,2047249.589,23338,1567.68
2539.9,774.1614952,9.806411677,,,2539.9,24551,1610,,2539.9,2047854.318,24551,1610,,2743.092,2045861.734,24551,1481.2
2674.9,815.3094939,9.80639901,,,2674.9,25763,1511,,2674.9,2046527.809,25763,1511,,2888.892,2044429.318,25763,1390.12
2814.9,857.9814925,9.806385874,,,2814.9,26976,1410,,2814.9,2045152.174,26976,1410,,3040.092,2042943.854,26976,1297.2
2960.6,902.3908511,9.806372203,,,2960.6,28188,1310,,2960.6,2043720.534,28188,1310,,3197.448,2041397.915,28188,1205.2
3113,948.8423696,9.806357903,,,3113,29401,1211,,3113,2042223.065,29401,1211,,3362.04,2039780.89,29401,1114.12
3273.5,997.7627681,9.806342844,,,3273.5,30614,1105,,3273.5,2040646.011,30614,1105,,3535.38,2038077.926,30614,1016.6
3444.3,1049.822606,9.806326818,,,3444.3,31826,995,,3444.3,2038967.755,31826,995,,3719.844,2036265.681,31826,915.4
3628.1,1105.844845,9.806309572,,,3628.1,33039,891,,3628.1,2037161.77,33039,891,,3918.348,2034315.508,33039,819.72
3628.1,1105.844845,9.806309572,,,3628.1,33039,1302,,3628.1,2037161.77,33039,1302,,3918.348,2034315.508,33039,1197.84
3644.9,1110.965484,9.806307996,,,3644.9,33195,1286,,3644.9,2036996.696,33195,1286,,3936.492,2034137.255,33195,1183.12
3661.9,1116.147084,9.806306401,,,3661.9,33350,1270,,3661.9,2036829.658,33350,1270,,3954.852,2033956.881,33350,1168.4
3679,1121.359164,9.806304796,,,3679,33506,1253,,3679,2036661.637,33506,1253,,3973.32,2033775.445,33506,1152.76
3696.2,1126.601724,9.806303182,,,3696.2,33662,1237,,3696.2,2036492.633,33662,1237,,3991.896,2033592.949,33662,1138.04
3713.6,1131.905244,9.80630155,,,3713.6,33818,1220,,3713.6,2036321.665,33818,1220,,4010.688,2033408.33,33818,1122.4
3731.1,1137.239244,9.806299908,,,3731.1,33974,1203,,3731.1,2036149.713,33974,1203,,4029.588,2033222.65,33974,1106.76
3748.7,1142.603723,9.806298256,,,3748.7,34130,1186,,3748.7,2035976.78,34130,1186,,4048.596,2033035.91,34130,1091.12
3766.5,1148.029163,9.806296586,,,3766.5,34286,1168,,3766.5,2035801.881,34286,1168,,4067.82,2032847.047,34286,1074.56
3784.5,1153.515563,9.806294897,,,3784.5,34441,1150,,3784.5,2035625.017,34441,1150,,4087.26,2032656.063,34441,1058
3802.6,1159.032443,9.806293199,,,3802.6,34597,1133,,3802.6,2035447.17,34597,1133,,4106.808,2032464.018,34597,1042.36
3820.9,1164.610283,9.806291482,,,3820.9,34753,1114,,3820.9,2035267.359,34753,1114,,4126.572,2032269.85,34753,1024.88
3839.4,1170.249083,9.806289746,,,3839.4,34909,1096,,3839.4,2035085.582,34909,1096,,4146.552,2032073.561,34909,1008.32
3858.1,1175.948842,9.806287991,,,3858.1,35065,1075,,3858.1,2034901.84,35065,1075,,4166.748,2031875.149,35065,989
3877,1181.709562,9.806286218,,,3877,35221,1051,,3877,2034716.134,35221,1051,,4187.16,2031674.616,35221,966.92
3896.3,1187.592202,9.806284407,,,3896.3,35377,1027,,3896.3,2034526.497,35377,1027,,4208.004,2031469.839,35377,944.84
3915.8,1193.535802,9.806282578,,,3915.8,35532,1003,,3915.8,2034334.895,35532,1003,,4229.064,2031262.939,35532,922.76
3935.7,1199.601322,9.80628071,,,3935.7,35688,978,,3935.7,2034139.362,35688,978,,4250.556,2031051.796,35688,899.76
3955.9,1205.758281,9.806278815,,,3955.9,35844,953,,3955.9,2033940.882,35844,953,,4272.372,2030837.47,35844,876.76
3976.5,1212.037161,9.806276882,,,3976.5,36000,928,,3976.5,2033738.472,36000,928,,4294.62,2030618.899,36000,853.76
10171.2,3100.181661,9.805695671,,,10171.2,36000,1012,,10171.2,1972874.591,36000,1012,,10984.896,1964895.736,36000,931.04
10185.1,3104.418381,9.805694367,,,10185.1,36105,899,,10185.1,1972738.029,36105,899,,10999.908,1964748.271,36105,827.08
10199.8,3108.898941,9.805692988,,,10199.8,36211,883,,10199.8,1972593.608,36211,883,,11015.784,1964592.32,36211,812.36
10214.7,3113.44046,9.80569159,,,10214.7,36316,866,,10214.7,1972447.222,36316,866,,11031.876,1964434.246,36316,796.72
10229.9,3118.07342,9.805690164,,,10229.9,36421,850,,10229.9,1972297.889,36421,850,,11048.292,1964272.99,36421,782
10245.2,3122.73686,9.805688729,,,10245.2,36526,833,,10245.2,1972147.573,36526,833,,11064.816,1964110.674,36526,766.36
10260.8,3127.49174,9.805687265,,,10260.8,36632,817,,10260.8,1971994.31,36632,817,,11081.664,1963945.174,36632,751.64
10276.6,3132.30758,9.805685783,,,10276.6,36737,800,,10276.6,1971839.082,36737,800,,11098.728,1963777.553,36737,736
10292.7,3137.21486,9.805684272,,,10292.7,36842,783,,10292.7,1971680.907,36842,783,,11116.116,1963606.749,36842,720.36
10309,3142.183099,9.805682743,,,10309,36947,765,,10309,1971520.767,36947,765,,11133.72,1963433.824,36947,703.8
10325.6,3147.242779,9.805681186,,,10325.6,37053,748,,10325.6,1971357.679,37053,748,,11151.648,1963257.716,37053,688.16
10342.6,3152.424379,9.805679591,,,10342.6,37158,730,,10342.6,1971190.662,37158,730,,11170.008,1963077.364,37158,671.6
10359.8,3157.666939,9.805677977,,,10359.8,37263,712,,10359.8,1971021.68,37263,712,,11188.584,1962894.891,37263,655.04
10377.4,3163.031419,9.805676326,,,10377.4,37368,694,,10377.4,1970848.768,37368,694,,11207.592,1962708.174,37368,638.48
10395.3,3168.487339,9.805674647,,,10395.3,37474,676,,10395.3,1970672.909,37474,676,,11226.924,1962518.275,37474,621.92
10413.6,3174.065178,9.80567293,,,10413.6,37579,658,,10413.6,1970493.12,37579,658,,11246.688,1962324.132,37579,605.36
10432.4,3179.795418,9.805671166,,,10432.4,37684,639,,10432.4,1970308.419,37684,639,,11266.992,1962124.684,37684,587.88
10451.6,3185.647578,9.805669364,,,10451.6,37789,620,,10451.6,1970119.788,37789,620,,11287.728,1961920.994,37789,570.4
10471.2,3191.621658,9.805667526,,,10471.2,37895,601,,10471.2,1969927.228,37895,601,,11308.896,1961713.059,37895,552.92
10491.4,3197.778618,9.80566563,,,10491.4,38000,582,,10491.4,1969728.773,38000,582,,11330.712,1961498.76,38000,535.44
28694.5,8746.08332,9.803958052,,,28694.5,38000,875,,28694.5,1790923.331,38000,875,,30990.06,1768417.757,38000,805
28708.2,8750.25908,9.803956767,,,28708.2,38105,857,,28708.2,1790788.782,38105,857,,31004.856,1768272.466,38105,788.44
28722.1,8754.4958,9.803955463,,,28722.1,38211,839,,28722.1,1790652.269,38211,839,,31019.868,1768125.054,38211,771.88
28736.2,8758.79348,9.803954141,,,28736.2,38316,822,,28736.2,1790513.792,38316,822,,31035.096,1767975.521,38316,756.24
28750.6,8763.1826,9.80395279,,,28750.6,38421,803,,28750.6,1790372.368,38421,803,,31050.648,1767822.806,38421,738.76
28765.2,8767.632679,9.803951421,,,28765.2,38526,785,,28765.2,1790228.981,38526,785,,31066.416,1767667.971,38526,722.2
28780,8772.143719,9.803950033,,,28780,38632,767,,28780,1790083.629,38632,767,,31082.4,1767511.014,38632,705.64
28795.2,8776.776679,9.803948607,,,28795.2,38737,748,,28795.2,1789934.348,38737,748,,31098.816,1767349.815,38737,688.16
28810.6,8781.470599,9.803947163,,,28810.6,38842,729,,28810.6,1789783.104,38842,729,,31115.448,1767186.496,38842,670.68
28826.3,8786.255959,9.80394569,,,28826.3,38947,711,,28826.3,1789628.913,38947,711,,31132.404,1767019.995,38947,654.12
28842.3,8791.132759,9.803944189,,,28842.3,39053,694,,28842.3,1789471.776,39053,694,,31149.684,1766850.312,39053,638.48
28858.6,8796.100999,9.80394266,,,28858.6,39158,679,,28858.6,1789311.693,39158,679,,31167.288,1766677.448,39158,624.68
28875.2,8801.160678,9.803941103,,,28875.2,39263,664,,28875.2,1789148.663,39263,664,,31185.216,1766501.402,39263,610.88
28892.1,8806.311798,9.803939518,,,28892.1,39368,649,,28892.1,1788982.687,39368,649,,31203.468,1766322.175,39368,597.08
28909.4,8811.584838,9.803937896,,,28909.4,39474,633,,28909.4,1788812.783,39474,633,,31222.152,1766138.706,39474,582.36
28927,8816.949318,9.803936245,,,28927,39579,618,,28927,1788639.932,39579,618,,31241.16,1765952.055,39579,568.56
28944.9,8822.405238,9.803934566,,,28944.9,39684,602,,28944.9,1788464.136,39684,602,,31260.492,1765762.223,39684,553.84
28963.3,8828.013558,9.80393284,,,28963.3,39789,586,,28963.3,1788283.429,39789,586,,31280.364,1765567.089,39789,539.12
28982.1,8833.743797,9.803931077,,,28982.1,39895,570,,28982.1,1788098.793,39895,570,,31300.668,1765367.712,39895,524.4
29001.3,8839.595957,9.803929276,,,29001.3,40000,553,,29001.3,1787910.229,40000,553,,31321.404,1765164.094,40000,508.76
51596.9,15726.73462,9.80181028,,,51596.9,40000,947,,51596.9,1566046.01,40000,947,,55724.652,1525586.568,40000,871.24
51614.1,15731.97718,9.801808667,,,51614.1,40158,926,,51614.1,1565877.162,40158,926,,55743.228,1525404.239,40158,851.92
51631.6,15737.31118,9.801807026,,,51631.6,40316,904,,51631.6,1565705.368,40316,904,,55762.128,1525218.73,40316,831.68
51649.4,15742.73662,9.801805357,,,51649.4,40474,883,,51649.4,1565530.629,40474,883,,55781.352,1525030.04,40474,812.36
51667.5,15748.2535,9.80180366,,,51667.5,40632,860,,51667.5,1565352.945,40632,860,,55800.9,1524838.17,40632,791.2
51686,15753.8923,9.801801926,,,51686,40789,838,,51686,1565171.335,40789,838,,55820.88,1524642.06,40789,770.96
51704.8,15759.62254,9.801800163,,,51704.8,40947,815,,51704.8,1564986.78,40947,815,,55841.184,1524442.77,40947,749.8
51724,15765.4747,9.801798363,,,51724,41105,792,,51724,1564798.298,41105,792,,55861.92,1524239.24,41105,728.64
51743.7,15771.47926,9.801796515,,,51743.7,41263,768,,51743.7,1564604.908,41263,768,,55883.196,1524030.41,41263,706.56
51763.8,15777.60574,9.801794631,,,51763.8,41421,745,,51763.8,1564407.591,41421,745,,55904.904,1523817.34,41421,685.4
51784.5,15783.91509,9.80179269,,,51784.5,41579,720,,51784.5,1564204.384,41579,720,,55927.26,1523597.909,41579,662.4
51805.7,15790.37685,9.801790702,,,51805.7,41737,696,,51805.7,1563996.269,41737,696,,55950.156,1523373.178,41737,640.32
51827.5,15797.02149,9.801788658,,,51827.5,41895,671,,51827.5,1563782.263,41895,671,,55973.7,1523142.087,41895,617.32
51849.9,15803.84901,9.801786558,,,51849.9,42053,645,,51849.9,1563562.368,42053,645,,55997.892,1522904.636,42053,593.4
51873.1,15810.92037,9.801784382,,,51873.1,42211,619,,51873.1,1563334.62,42211,619,,56022.948,1522658.705,42211,569.48
51897.1,15818.23557,9.801782132,,,51897.1,42368,593,,51897.1,1563099.018,42368,593,,56048.868,1522404.293,42368,545.56
51922,15825.82509,9.801779797,,,51922,42526,566,,51922,1562854.582,42526,566,,56075.76,1522140.341,42526,520.72
51947.9,15833.71941,9.801777369,,,51947.9,42684,539,,51947.9,1562600.328,42684,539,,56103.732,1521865.788,42684,495.88
51975,15841.97949,9.801774828,,,51975,42842,511,,51975,1562334.295,42842,511,,56133,1521578.515,42842,470.12
52003.3,15850.60533,9.801772174,,,52003.3,43000,483,,52003.3,1562056.482,43000,483,,56163.564,1521278.522,43000,444.36
35,10.66799966,9.806646716,7400 NM,196454,0,35,2804,,0,1926554.974,35,2804,,0,1926554.974,35,2579.68
198,60.35039807,9.806631421,,,17.5,198,2796,,17.5,1926380.353,198,2796,,18.9,1926366.624,198,2572.32
361,110.0327965,9.806616126,,,35,361,2788,,35,1926205.733,361,2788,,37.8,1926178.274,361,2564.96
523,159.4103949,9.806600925,,,52.4,523,2779,,52.4,1926032.112,523,2779,,56.592,1925991.003,523,2556.68
686,209.0927933,9.806585631,,,69.9,686,2771,,69.9,1925857.493,686,2771,,75.492,1925802.655,686,2549.32
849,258.7751917,9.806570336,,,87.3,849,2763,,87.3,1925683.855,849,2763,,94.284,1925615.366,849,2541.96
1012,308.4575901,9.806555041,,,104.7,1012,2755,,104.7,1925510.218,1012,2755,,113.076,1925428.078,1012,2534.6
1174,357.8351885,9.806539841,,,122.2,1174,2747,,122.2,1925335.619,1174,2747,,131.976,1925239.75,1174,2527.24
1337,407.517587,9.806524546,,,139.6,1337,2738,,139.6,1925161.982,1337,2738,,150.768,1925052.463,1337,2518.96
1500,457.1999854,9.806509251,,,157,1500,2730,,157,1924988.347,1500,2730,,169.56,1924865.177,1500,2511.6
1500,457.1999854,9.806509251,,,296.7,1500,3698,,296.7,1923618.377,1500,3698,,320.436,1923385.61,1500,3402.16
1947,593.445581,9.806467309,,,330.9,1947,3669,,330.9,1923274.769,1947,3669,,357.372,1923015.172,1947,3375.48
2395,729.9959766,9.806425273,,,365,2395,3640,,365,1922932.125,2395,3640,,394.2,1922645.778,2395,3348.8
2842,866.2415723,9.806383331,,,399.1,2842,3611,,399.1,1922589.503,2842,3611,,431.028,1922276.405,2842,3322.12
3289,1002.487168,9.806341389,,,433.2,3289,3582,,433.2,1922246.884,3289,3582,,467.856,1921907.036,3289,3295.44
3737,1139.037564,9.806299354,,,467.3,3737,3552,,467.3,1921904.25,3737,3552,,504.684,1921537.651,3737,3267.84
4184,1275.283159,9.806257413,,,501.3,4184,3522,,501.3,1921562.617,4184,3522,,541.404,1921169.347,4184,3240.24
4632,1411.833555,9.806215378,,,535.4,4632,3492,,535.4,1921219.988,4632,3492,,578.232,1920799.968,4632,3212.64
5079,1548.07915,9.806173438,,,569.4,5079,3461,,569.4,1920878.361,5079,3461,,614.952,1920431.671,5079,3184.12
5526,1684.324746,9.806131497,,,603.5,5526,3428,,603.5,1920535.757,5526,3428,,651.78,1920062.317,5526,3153.76
5974,1820.875142,9.806089463,,,637.5,5974,3396,,637.5,1920194.117,5974,3396,,688.5,1919694.007,5974,3124.32
6421,1957.120737,9.806047524,,,671.6,6421,3362,,671.6,1919851.519,6421,3362,,725.328,1919324.659,6421,3093.04
6868,2093.366333,9.806005584,,,705.7,6868,3328,,705.7,1919508.923,6868,3328,,762.156,1918955.315,6868,3061.76
7316,2229.916729,9.805963551,,,739.8,7316,3294,,739.8,1919166.312,7316,3294,,798.984,1918585.955,7316,3030.48
7763,2366.162324,9.805921612,,,773.9,7763,3260,,773.9,1918823.722,7763,3260,,835.812,1918216.617,7763,2999.2
8211,2502.71272,9.805879579,,,808.1,8211,3225,,808.1,1918480.136,8211,3225,,872.748,1917846.205,8211,2967
8658,2638.958316,9.805837641,,,842.4,8658,3190,,842.4,1918135.59,8658,3190,,909.792,1917474.755,8658,2934.8
9105,2775.203911,9.805795703,,,876.7,9105,3154,,876.7,1917791.048,9105,3154,,946.836,1917103.309,9105,2901.68
9553,2911.754307,9.805753671,,,911,9553,3118,,911,1917446.49,9553,3118,,983.88,1916731.847,9553,2868.56
10000,3047.999902,9.805711733,,,945.4,10000,3082,,945.4,1917100.973,10000,3082,,1021.032,1916359.347,10000,2835.44
10000,3047.999902,9.805711733,,,1043.2,10000,3115,,1043.2,1916141.974,10000,3115,,1126.656,1915323.629,10000,2865.8
11241,3426.25669,9.805595304,,,1141,11241,3001,,1141,1915160.236,11241,3001,,1232.28,1914265.181,11241,2760.92
12482,3804.513478,9.805478877,,,1239.9,12482,2885,,1239.9,1914167.734,12482,2885,,1339.092,1913195.109,12482,2654.2
13723,4182.770266,9.805362451,,,1340.1,13723,2767,,1340.1,1913162.509,13723,2767,,1447.308,1912111.295,13723,2545.64
14964,4561.027054,9.805246028,,,1441.7,14964,2647,,1441.7,1912143.58,14964,2647,,1557.036,1911012.682,14964,2435.24
16205,4939.283842,9.805129607,,,1544.9,16205,2528,,1544.9,1911108.987,16205,2528,,1668.492,1909897.151,16205,2325.76
17446,5317.54063,9.805013188,,,1649.8,17446,2419,,1649.8,1910057.75,17446,2419,,1781.784,1908763.645,17446,2225.48
18687,5695.797418,9.804896771,,,1756.7,18687,2309,,1756.7,1908986.928,18687,2309,,1897.236,1907608.987,18687,2124.28
19927,6073.749406,9.804780449,,,1865.6,19927,2198,,1865.6,1907896.54,19927,2198,,2014.848,1906433.196,19927,2022.16
21168,6452.006194,9.804664036,,,1977,21168,2093,,1977,1906781.648,21168,2093,,2135.16,1905230.942,21168,1925.56
22409,6830.262981,9.804547626,,,2090.8,22409,1987,,2090.8,1905643.251,22409,1987,,2258.064,1904003.303,22409,1828.04
23650,7208.519769,9.804431217,,,2207.6,23650,1882,,2207.6,1904475.468,23650,1882,,2384.208,1902743.927,23650,1731.44
24891,7586.776557,9.80431481,,,2327.6,24891,1779,,2327.6,1903276.339,24891,1779,,2513.808,1901450.697,24891,1636.68
26132,7965.033345,9.804198406,,,2451.4,26132,1669,,2451.4,1902039.982,26132,1669,,2647.512,1900117.261,26132,1535.48
27373,8343.290133,9.804082003,,,2579.5,27373,1559,,2579.5,1900761.496,27373,1559,,2785.86,1898738.326,27373,1434.28
28614,8721.546921,9.803965603,,,2712.5,28614,1451,,2712.5,1899435.002,28614,1451,,2929.5,1897307.541,28614,1334.92
29855,9099.803709,9.803849204,,,2851.3,29855,1344,,2851.3,1898051.676,29855,1344,,3079.404,1895815.379,29855,1236.48
31096,9478.060497,9.803732808,,,2997.2,31096,1222,,2997.2,1896598.777,31096,1222,,3236.976,1894248.077,31096,1124.24
32337,9856.317285,9.803616414,,,3152,32337,1107,,3152,1895058.66,32337,1107,,3404.16,1892586.58,32337,1018.44
33578,10234.57407,9.803500021,,,3317.6,33578,999,,3317.6,1893412.702,33578,999,,3583.008,1890810.774,33578,919.08
33578,10234.57407,9.803500021,,,3317.6,33578,1463,,3317.6,1893412.702,33578,1463,,3583.008,1890810.774,33578,1345.96
33810,10305.28767,9.803478263,,,3339.7,33810,1439,,3339.7,1893191.842,33810,1439,,3606.876,1890572.588,33810,1323.88
34043,10376.30607,9.80345641,,,3361.9,34043,1414,,3361.9,1892969.985,34043,1414,,3630.852,1890333.326,34043,1300.88
34276,10447.32447,9.803434558,,,3384.3,34276,1389,,3384.3,1892746.169,34276,1389,,3655.044,1890091.948,34276,1277.88
34509,10518.34286,9.803412705,,,3407,34509,1364,,3407,1892519.413,34509,1364,,3679.56,1889847.394,34509,1254.88
34741,10589.05646,9.803390947,,,3429.8,34741,1339,,3429.8,1892291.695,34741,1339,,3704.184,1889601.801,34741,1231.88
34974,10660.07486,9.803369094,,,3452.9,34974,1313,,3452.9,1892061.019,34974,1313,,3729.132,1889353.015,34974,1207.96
35207,10731.09326,9.803347242,,,3476.3,35207,1279,,3476.3,1891827.403,35207,1279,,3754.404,1889101.053,35207,1176.68
35440,10802.11165,9.80332539,,,3500.1,35440,1243,,3500.1,1891589.867,35440,1243,,3780.108,1888844.857,35440,1143.56
35672,10872.82525,9.803303632,,,3524.2,35672,1207,,3524.2,1891349.409,35672,1207,,3806.136,1888585.505,35672,1110.44
35905,10943.84365,9.80328178,,,3548.8,35905,1171,,3548.8,1891104.032,35905,1171,,3832.704,1888320.842,35905,1077.32
36138,11014.86205,9.803259928,,,3575.1,36138,1028,,3575.1,1890841.991,36138,1028,,3861.108,1888038.181,36138,945.76
36371,11085.88045,9.803238076,,,3603.3,36371,995,,3603.3,1890561.325,36371,995,,3891.564,1887735.405,36371,915.4
36603,11156.59404,9.803216318,,,3632.2,36603,961,,3632.2,1890273.816,36603,961,,3922.776,1887425.237,36603,884.12
36836,11227.61244,9.803194467,,,3661.7,36836,926,,3661.7,1889980.409,36836,926,,3954.636,1887108.7,36836,851.92
37069,11298.63084,9.803172615,,,3692.1,37069,891,,3692.1,1889678.179,37069,891,,3987.468,1886782.636,37069,819.72
37302,11369.64924,9.803150764,,,3723.2,37302,855,,3723.2,1889369.089,37302,855,,4021.056,1886449.162,37302,786.6
37534,11440.36283,9.803129006,,,3755.4,37534,819,,3755.4,1889049.235,37534,819,,4055.832,1886104.061,37534,753.48
37767,11511.38123,9.803107155,,,3788.6,37767,781,,3788.6,1888719.561,37767,781,,4091.688,1885748.357,37767,718.52
38000,11582.39963,9.803085303,,,3823,38000,743,,3823,1888378.125,38000,743,,4128.84,1885379.949,38000,683.56
38000,11582.39963,9.803085303,,,14544.6,38000,887,,14544.6,1783273.366,38000,887,,15708.168,1771866.809,38000,816.04
38105,11614.40363,9.803075456,,,14558.2,38105,869,,14558.2,1783138.253,38105,869,,15722.856,1771721.042,38105,799.48
38211,11646.71243,9.803065515,,,14571.9,38211,852,,14571.9,1783002.142,38211,852,,15737.652,1771574.199,38211,783.84
38316,11678.71643,9.803055668,,,14585.8,38316,834,,14585.8,1782864.089,38316,834,,15752.664,1771425.256,38316,767.28
38421,11710.72043,9.803045821,,,14600,38421,816,,14600,1782723.095,38421,816,,15768,1771273.137,38421,750.72
38526,11742.72442,9.803035974,,,14614.3,38526,798,,14614.3,1782581.121,38526,798,,15783.444,1771119.96,38526,734.16
38632,11775.03322,9.803026033,,,14628.9,38632,779,,14628.9,1782436.189,38632,779,,15799.212,1770963.59,38632,716.68
38737,11807.03722,9.803016186,,,14643.8,38737,761,,14643.8,1782288.333,38737,761,,15815.304,1770804.061,38737,700.12
38842,11839.04122,9.803006339,,,14659,38842,742,,14659,1782137.537,38842,742,,15831.72,1770641.356,38842,682.64
38947,11871.04522,9.802996492,,,14674.4,38947,723,,14674.4,1781984.781,38947,723,,15848.352,1770476.534,38947,665.16
39053,11903.35402,9.802986551,,,14690.1,39053,706,,14690.1,1781829.067,39053,706,,15865.308,1770308.519,39053,649.52
39158,11935.35802,9.802976704,,,14706.1,39158,692,,14706.1,1781670.43,39158,692,,15882.588,1770137.345,39158,636.64
39263,11967.36202,9.802966857,,,14722.4,39263,677,,14722.4,1781508.852,39263,677,,15900.192,1769962.996,39263,622.84
39368,11999.36602,9.80295701,,,14739,39368,662,,14739,1781344.333,39368,662,,15918.12,1769785.47,39368,609.04
39474,12031.67481,9.80294707,,,14755.9,39474,646,,14755.9,1781176.857,39474,646,,15936.372,1769604.752,39474,594.32
39579,12063.67881,9.802937223,,,14773.1,39579,631,,14773.1,1781006.457,39579,631,,15954.948,1769420.876,39579,580.52
39684,12095.68281,9.802927376,,,14790.7,39684,615,,14790.7,1780832.137,39684,615,,15973.956,1769232.764,39684,565.8
39789,12127.68681,9.802917529,,,14808.7,39789,599,,14808.7,1780653.895,39789,599,,15993.396,1769040.418,39789,551.08
39895,12159.99561,9.802907588,,,14827.1,39895,583,,14827.1,1780471.716,39895,583,,16013.268,1768843.821,39895,536.36
40000,12191.99961,9.802897741,,,14845.8,40000,567,,14845.8,1780286.614,40000,567,,16033.464,1768644.065,40000,521.64
40000,12191.99961,9.802897741,,,36713.2,40000,948,,36713.2,1565922.728,40000,948,,39650.256,1537131.068,40000,872.16
40158,12240.15801,9.802882924,,,36730.4,40158,926,,36730.4,1565751.751,40158,926,,39668.832,1536946.646,40158,851.92
40316,12288.31641,9.802868107,,,36747.9,40316,905,,36747.9,1565577.834,40316,905,,39687.732,1536759.049,40316,832.6
40474,12336.47481,9.80285329,,,36765.7,40474,883,,36765.7,1565400.977,40474,883,,39706.956,1536568.276,40474,812.36
40632,12384.6332,9.802838473,,,36783.8,40632,861,,36783.8,1565221.18,40632,861,,39726.504,1536374.328,40632,792.12
40789,12432.4868,9.80282375,,,36802.2,40789,838,,36802.2,1565038.457,40789,838,,39746.376,1536177.218,40789,770.96
40947,12480.6452,9.802808933,,,36821,40947,816,,36821,1564851.798,40947,816,,39766.68,1535975.86,40947,750.72
41105,12528.8036,9.802794116,,,36840.3,41105,792,,36840.3,1564660.239,41105,792,,39787.524,1535769.209,41105,728.64
41263,12576.962,9.802779299,,,36859.9,41263,769,,36859.9,1564465.74,41263,769,,39808.692,1535559.383,41263,707.48
41421,12625.1204,9.802764482,,,36880,41421,745,,36880,1564266.339,41421,745,,39830.4,1535344.263,41421,685.4
41579,12673.27879,9.802749665,,,36900.7,41579,721,,36900.7,1564061.058,41579,721,,39852.756,1535122.792,41579,663.32
41737,12721.43719,9.802734848,,,36921.8,41737,696,,36921.8,1563851.856,41737,696,,39875.544,1534897.087,41737,640.32
41895,12769.59559,9.802720032,,,36943.6,41895,671,,36943.6,1563635.793,41895,671,,39899.088,1534663.972,41895,617.32
42053,12817.75399,9.802705215,,,36966,42053,646,,36966,1563413.849,42053,646,,39923.28,1534424.505,42053,594.32
42211,12865.91239,9.802690398,,,36989.2,42211,620,,36989.2,1563184.064,42211,620,,39948.336,1534176.57,42211,570.4
42368,12913.76599,9.802675675,,,37013.2,42368,594,,37013.2,1562946.452,42368,594,,39974.256,1533920.18,42368,546.48
42526,12961.92439,9.802660859,,,37038.1,42526,567,,37038.1,1562700.003,42526,567,,40001.148,1533654.249,42526,521.64
42684,13010.08278,9.802646042,,,37064,42684,540,,37064,1562443.753,42684,540,,40029.12,1533377.731,42684,496.8
42842,13058.24118,9.802631225,,,37091,42842,512,,37091,1562176.72,42842,512,,40058.28,1533089.568,42842,471.04
43000,13106.39958,9.802616409,,,37119.3,43000,484,,37119.3,1561896.945,43000,484,,40088.844,1532787.644,43000,445.28
,,,,,,,,,,,,,,,,,
Altitude (feet) ,Altitude (m)*,Adjusted G*,,,Fuel Burnt (kg) ,Altitude (feet) ,ROC (feet/min) ,,Fuel Burnt (kg) ,Weight (N)*,Altitude (feet) ,ROC (feet/min),,Fuel Burnt (kg)* ,Weight (N)*,Altitude (feet) ,ROC (feet/min)*
35,10.66799966,9.806646716,500 NM,130228,0,35,4195,,0,1277099.989,35,4195,,0,1277099.989,35,3859.4
198,60.35039807,9.806631421,,,11.6,198,4186,,11.6,1276984.24,198,4186,,12.528,1276975.139,198,3851.12
361,110.0327965,9.806616126,,,23.2,361,4177,,23.2,1276868.491,361,4177,,25.056,1276850.29,361,3842.84
523,159.4103949,9.806600925,,,34.7,523,4169,,34.7,1276753.736,523,4169,,37.476,1276726.513,523,3835.48
686,209.0927933,9.806585631,,,46.3,686,4160,,46.3,1276637.989,686,4160,,50.004,1276601.665,686,3827.2
849,258.7751917,9.806570336,,,57.8,849,4151,,57.8,1276523.222,849,4151,,62.424,1276477.876,849,3818.92
1012,308.4575901,9.806555041,,,69.3,1012,4142,,69.3,1276408.456,1012,4142,,74.844,1276354.088,1012,3810.64
1174,357.8351885,9.806539841,,,80.8,1174,4133,,80.8,1276293.702,1174,4133,,87.264,1276230.312,1174,3802.36
1337,407.517587,9.806524546,,,92.3,1337,4124,,92.3,1276178.936,1337,4124,,99.684,1276106.525,1337,3794.08
1500,457.1999854,9.806509251,,,103.7,1500,4115,,103.7,1276065.152,1500,4115,,111.996,1275983.797,1500,3785.8
1500,457.1999854,9.806509251,,,209.5,1500,5955,,209.5,1275027.623,1500,5955,,226.26,1274863.266,1500,5478.6
1947,593.445581,9.806467309,,,230.7,1947,5914,,230.7,1274814.273,1947,5914,,249.156,1274633.285,1947,5440.88
2395,729.9959766,9.806425273,,,251.9,2395,5872,,251.9,1274600.912,2395,5872,,272.052,1274403.293,2395,5402.24
2842,866.2415723,9.806383331,,,273,2842,5831,,273,1274388.546,2842,5831,,294.84,1274174.374,2842,5364.52
3289,1002.487168,9.806341389,,,294.1,3289,5789,,294.1,1274176.181,3289,5789,,317.628,1273945.458,3289,5325.88
3737,1139.037564,9.806299354,,,315.2,3737,5746,,315.2,1273963.807,3737,5746,,340.416,1273716.531,3737,5286.32
4184,1275.283159,9.806257413,,,336.2,4184,5703,,336.2,1273752.427,4184,5703,,363.096,1273488.678,4184,5246.76
4632,1411.833555,9.806215378,,,357.2,4632,5660,,357.2,1273541.036,4632,5660,,385.776,1273260.814,4632,5207.2
5079,1548.07915,9.806173438,,,378.2,5079,5616,,378.2,1273329.66,5079,5616,,408.456,1273032.964,5079,5166.72
5526,1684.324746,9.806131497,,,399.2,5526,5569,,399.2,1273118.285,5526,5569,,431.136,1272805.116,5526,5123.48
5974,1820.875142,9.806089463,,,420.1,5974,5521,,420.1,1272907.88,5974,5521,,453.708,1272578.317,5974,5079.32
6421,1957.120737,9.806047524,,,441.1,6421,5474,,441.1,1272696.509,6421,5474,,476.388,1272350.474,6421,5036.08
6868,2093.366333,9.806005584,,,462,6868,5425,,462,1272486.121,6868,5425,,498.96,1272123.691,6868,4991
7316,2229.916729,9.805963551,,,482.9,7316,5376,,482.9,1272275.722,7316,5376,,521.532,1271896.898,7316,4945.92
7763,2366.162324,9.805921612,,,503.8,7763,5327,,503.8,1272065.336,7763,5327,,544.104,1271670.119,7763,4900.84
8211,2502.71272,9.805879579,,,524.7,8211,5276,,524.7,1271854.941,8211,5276,,566.676,1271443.329,8211,4853.92
8658,2638.958316,9.805837641,,,545.6,8658,5226,,545.6,1271644.559,8658,5226,,589.248,1271216.554,8658,4807.92
9105,2775.203911,9.805795703,,,566.6,9105,5175,,566.6,1271433.199,9105,5175,,611.928,1270988.722,9105,4761
9553,2911.754307,9.805753671,,,587.5,9553,5123,,587.5,1271222.809,9553,5123,,634.5,1270761.938,9553,4713.16
10000,3047.999902,9.805711733,,,608.4,10000,5070,,608.4,1271012.433,10000,5070,,657.072,1270535.169,10000,4664.4
10000,3047.999902,9.805711733,,,657.9,10000,5032,,657.9,1270527.05,10000,5032,,710.532,1270010.956,10000,4629.44
11339,3456.127089,9.80558611,,,722.8,11339,4857,,722.8,1269874.39,11339,4857,,780.624,1269307.392,11339,4468.44
12678,3864.254276,9.805460488,,,788.1,12678,4678,,788.1,1269217.825,12678,4678,,851.148,1268599.61,12678,4303.76
14017,4272.381463,9.80533487,,,853.9,14017,4496,,853.9,1268556.374,14017,4496,,922.212,1267886.552,14017,4136.32
15356,4680.50865,9.805209253,,,920.5,15356,4310,,920.5,1267887.096,15356,4310,,994.14,1267165.04,15356,3965.2
16694,5088.331037,9.805083733,,,987.8,16694,4125,,987.8,1267210.983,16694,4125,,1066.824,1266436.146,16694,3795
18033,5496.458224,9.804958121,,,1056,18033,3943,,1056,1266526.05,18033,3943,,1140.48,1265697.728,18033,3627.56
19372,5904.585411,9.804832512,,,1125.2,19372,3772,,1125.2,1265831.331,19372,3772,,1215.216,1264948.739,19372,3470.24
20711,6312.712598,9.804706905,,,1195.4,20711,3605,,1195.4,1265126.824,20711,3605,,1291.032,1264189.181,20711,3316.6
22050,6720.839785,9.804581301,,,1266.7,22050,3441,,1266.7,1264411.551,22050,3441,,1368.036,1263417.993,22050,3165.72
23389,7128.966972,9.804455699,,,1339.4,23389,3278,,1339.4,1263682.569,23389,3278,,1446.552,1262632.002,23389,3015.76
24728,7537.094159,9.8043301,,,1413.4,24728,3115,,1413.4,1262940.86,24728,3115,,1526.472,1261832.265,24728,2865.8
26067,7945.221346,9.804204502,,,1489.1,26067,2941,,1489.1,1262182.503,26067,2941,,1608.228,1261014.548,26067,2705.72
27405,8353.043733,9.804079002,,,1566.7,27405,2768,,1566.7,1261405.55,27405,2768,,1692.036,1260176.746,27405,2546.56
28744,8761.17092,9.803953409,,,1646.4,28744,2599,,1646.4,1260608.016,28744,2599,,1778.112,1259316.717,28744,2391.08
30083,9169.298107,9.803827819,,,1728.5,30083,2429,,1728.5,1259786.973,30083,2429,,1866.78,1258431.3,30083,2234.68
31422,9577.425294,9.803702232,,,1813.6,31422,2232,,1813.6,1258936.54,31422,2232,,1958.688,1257514.14,31422,2053.44
32761,9985.55248,9.803576647,,,1902.3,32761,2050,,1902.3,1258050.836,32761,2050,,2054.484,1256558.888,32761,1886
34100,10393.67967,9.803451064,,,1994.8,34100,1895,,1994.8,1257127.901,34100,1895,,2154.384,1255563.427,34100,1743.4
35439,10801.80685,9.803325484,,,2092,35439,1739,,2092,1256158.914,35439,1739,,2259.36,1254518.23,35439,1599.88
35439,10801.80685,9.803325484,,,2092,35439,2569,,2092,1256158.914,35439,2569,,2259.36,1254518.23,35439,2363.48
35837,10923.11725,9.803288157,,,2112.2,35837,2492,,2112.2,1255956.105,35837,2492,,2281.176,1254299.584,35837,2292.64
36235,11044.42765,9.803250831,,,2133.6,36235,2183,,2133.6,1255741.533,36235,2183,,2304.288,1254068.236,36235,2008.36
36633,11165.73804,9.803213505,,,2156.4,36633,2114,,2156.4,1255513.239,36633,2114,,2328.912,1253822.067,36633,1944.88
37031,11287.04844,9.803176179,,,2179.5,37031,2044,,2179.5,1255282.005,37031,2044,,2353.86,1253572.723,37031,1880.48
37429,11408.35883,9.803138853,,,2202.8,37429,1973,,2202.8,1255048.812,37429,1973,,2379.024,1253321.264,37429,1815.16
37826,11529.36443,9.803101621,,,2226.6,37826,1902,,2226.6,1254810.732,37826,1902,,2404.728,1253064.525,37826,1749.84
38224,11650.67483,9.803064296,,,2250.7,38224,1829,,2250.7,1254569.7,38224,1829,,2430.756,1252804.6,38224,1682.68
38622,11771.98522,9.803026971,,,2275.2,38622,1755,,2275.2,1254324.749,38622,1755,,2457.216,1252540.442,38622,1614.6
39020,11893.29562,9.802989646,,,2300.2,39020,1682,,2300.2,1254074.899,39020,1682,,2484.216,1252270.992,39020,1547.44
39418,12014.60602,9.802952321,,,2325.7,39418,1630,,2325.7,1253820.149,39418,1630,,2511.756,1251996.251,39418,1499.6
39816,12135.91641,9.802914997,,,2351.5,39816,1577,,2351.5,1253562.46,39816,1577,,2539.62,1251718.335,39816,1450.84
40214,12257.22681,9.802877673,,,2377.8,40214,1523,,2377.8,1253299.871,40214,1523,,2568.024,1251435.128,40214,1401.16
40612,12378.5372,9.802840349,,,2404.5,40612,1468,,2404.5,1253033.363,40612,1468,,2596.86,1251147.689,40612,1350.56
41010,12499.8476,9.802803025,,,2431.8,41010,1412,,2431.8,1252760.976,41010,1412,,2626.344,1250853.899,41010,1299.04
41408,12621.158,9.802765701,,,2459.8,41408,1356,,2459.8,1252481.729,41408,1356,,2656.584,1250552.701,41408,1247.52
41806,12742.46839,9.802728378,,,2488.3,41806,1298,,2488.3,1252197.582,41806,1298,,2687.364,1250246.212,41806,1194.16
42204,12863.77879,9.802691055,,,2517.7,42204,1239,,2517.7,1251904.615,42204,1239,,2719.116,1249930.197,42204,1139.88
42602,12985.08918,9.802653732,,,2547.8,42602,1179,,2547.8,1251604.789,42602,1179,,2751.624,1249606.773,42602,1084.68
43000,13106.39958,9.802616409,,,2579,43000,1117,,2579,1251294.182,43000,1117,,2785.32,1249271.706,43000,1027.64
35,10.66799966,9.806646716,500 NM,156045,0,35,3553,,0,1530278.187,35,3553,,0,1530278.187,35,3268.76
198,60.35039807,9.806631421,,,13.7,198,3544,,13.7,1530141.449,198,3544,,14.796,1530130.701,198,3260.48
361,110.0327965,9.806616126,,,27.5,361,3536,,27.5,1530003.731,361,3536,,29.7,1529982.157,361,3253.12
523,159.4103949,9.806600925,,,41.2,523,3528,,41.2,1529867.009,523,3528,,44.496,1529834.687,523,3245.76
686,209.0927933,9.806585631,,,54.9,686,3519,,54.9,1529730.273,686,3519,,59.292,1529687.203,686,3237.48
849,258.7751917,9.806570336,,,68.5,849,3511,,68.5,1529594.518,849,3511,,73.98,1529540.778,849,3230.12
1012,308.4575901,9.806555041,,,82.2,1012,3502,,82.2,1529457.783,1012,3502,,88.776,1529393.295,1012,3221.84
1174,357.8351885,9.806539841,,,95.8,1174,3494,,95.8,1529322.043,1174,3494,,103.464,1529246.886,1174,3214.48
1337,407.517587,9.806524546,,,109.5,1337,3485,,109.5,1529185.308,1337,3485,,118.26,1529099.403,1337,3206.2
1500,457.1999854,9.806509251,,,123.1,1500,3476,,123.1,1529049.555,1500,3476,,132.948,1528952.98,1500,3197.92
1500,457.1999854,9.806509251,,,243,1500,4871,,243,1527873.754,1500,4871,,262.44,1527683.116,1500,4481.32
1947,593.445581,9.806467309,,,268.9,1947,4836,,268.9,1527613.232,1947,4836,,290.412,1527402.275,1947,4449.12
2395,729.9959766,9.806425273,,,294.8,2395,4801,,294.8,1527352.698,2395,4801,,318.384,1527121.423,2395,4416.92
2842,866.2415723,9.806383331,,,320.7,2842,4765,,320.7,1527092.18,2842,4765,,346.356,1526840.587,2842,4383.8
3289,1002.487168,9.806341389,,,346.5,3289,4730,,346.5,1526832.645,3289,4730,,374.22,1526560.813,3289,4351.6
3737,1139.037564,9.806299354,,,372.3,3737,4694,,372.3,1526573.097,3737,4694,,402.084,1526281.027,3737,4318.48
4184,1275.283159,9.806257413,,,398.1,4184,4657,,398.1,1526313.567,4184,4657,,429.948,1526001.257,4184,4284.44
4632,1411.833555,9.806215378,,,423.8,4632,4620,,423.8,1526055.005,4632,4620,,457.704,1525722.535,4632,4250.4
5079,1548.07915,9.806173438,,,449.5,5079,4583,,449.5,1525796.459,5079,4583,,485.46,1525443.829,5079,4216.36
5526,1684.324746,9.806131497,,,475.2,5526,4543,,475.2,1525537.916,5526,4543,,513.216,1525165.126,5526,4179.56
5974,1820.875142,9.806089463,,,500.9,5974,4503,,500.9,1525279.36,5974,4503,,540.972,1524886.41,5974,4142.76
6421,1957.120737,9.806047524,,,526.6,6421,4463,,526.6,1525020.821,6421,4463,,568.728,1524607.712,6421,4105.96
6868,2093.366333,9.806005584,,,552.2,6868,4422,,552.2,1524763.265,6868,4422,,596.376,1524330.075,6868,4068.24
7316,2229.916729,9.805963551,,,577.9,7316,4380,,577.9,1524504.716,7316,4380,,624.132,1524051.367,7316,4029.6
7763,2366.162324,9.805921612,,,603.6,7763,4338,,603.6,1524246.184,7763,4338,,651.888,1523772.675,7763,3990.96
8211,2502.71272,9.805879579,,,629.3,8211,4296,,629.3,1523987.639,8211,4296,,679.644,1523493.972,8211,3952.32
8658,2638.958316,9.805837641,,,655,8658,4253,,655,1523729.111,8658,4253,,707.4,1523215.285,8658,3912.76
9105,2775.203911,9.805795703,,,680.7,9105,4210,,680.7,1523470.585,9105,4210,,735.156,1522936.601,9105,3873.2
9553,2911.754307,9.805753671,,,706.4,9553,4166,,706.4,1523212.047,9553,4166,,762.912,1522657.904,9553,3832.72
10000,3047.999902,9.805711733,,,732.1,10000,4121,,732.1,1522953.526,10000,4121,,790.668,1522379.225,10000,3791.32
10000,3047.999902,9.805711733,,,796.5,10000,4106,,796.5,1522322.038,10000,4106,,860.22,1521697.218,10000,3777.52
11318,3449.72629,9.80558808,,,874.9,11318,3959,,874.9,1521534.083,11318,3959,,944.892,1520847.77,11318,3642.28
12636,3851.452677,9.805464429,,,953.9,12636,3810,,953.9,1520740.264,12636,3810,,1030.212,1519991.99,12636,3505.2
13953,4252.874264,9.805340874,,,1033.8,13953,3658,,1033.8,1519937.655,13953,3658,,1116.504,1519126.714,13953,3365.36
15271,4654.600651,9.805217227,,,1114.6,15271,3503,,1114.6,1519126.227,15271,3503,,1203.768,1518251.916,15271,3222.76
16589,5056.327038,9.805093583,,,1196.5,16589,3348,,1196.5,1518304.034,16589,3348,,1292.22,1517365.49,16589,3080.16
17907,5458.053425,9.804969941,,,1279.5,17907,3199,,1279.5,1517471.075,17907,3199,,1381.86,1516467.439,17907,2943.08
19224,5859.475012,9.804846396,,,1363.9,19224,3057,,1363.9,1516624.426,19224,3057,,1473.012,1515554.599,19224,2812.44
20542,6261.2014,9.804722759,,,1449.7,20542,2917,,1449.7,1515764.056,20542,2917,,1565.676,1514626.944,20542,2683.64
21860,6662.927787,9.804599124,,,1537,21860,2780,,1537,1514889.001,21860,2780,,1659.96,1513683.428,21860,2557.6
23178,7064.654174,9.804475491,,,1626.1,23178,2644,,1626.1,1513996.32,23178,2644,,1756.188,1512720.876,23178,2432.48
24495,7466.075761,9.804351955,,,1717.2,24495,2508,,1717.2,1513084.068,24495,2508,,1854.576,1511737.185,24495,2307.36
25813,7867.802148,9.804228327,,,1810.5,25813,2365,,1810.5,1512150.254,25813,2365,,1955.34,1510730.21,25813,2175.8
27131,8269.528535,9.804104702,,,1906.4,27131,2222,,1906.4,1511190.973,27131,2222,,2058.912,1509695.729,27131,2044.24
28449,8671.254923,9.803981079,,,2005.2,28449,2080,,2005.2,1510203.285,28449,2080,,2165.616,1508630.569,28449,1913.6
29766,9072.67651,9.803857552,,,2107.4,29766,1940,,2107.4,1509182.302,29766,1940,,2275.992,1507529.45,29766,1784.8
31084,9474.402897,9.803733933,,,2213.6,31084,1781,,2213.6,1508122.116,31084,1781,,2390.688,1506385.993,31084,1638.52
32402,9876.129284,9.803610317,,,2324.8,32402,1627,,2324.8,1507012.939,32402,1627,,2510.784,1505189.624,32402,1496.84
33720,10277.85567,9.803486704,,,2441.7,33720,1494,,2441.7,1505847.909,33720,1494,,2637.036,1503932.935,33720,1374.48
35037,10679.27726,9.803363186,,,2565.1,35037,1371,,2565.1,1504619.201,35037,1371,,2770.308,1502607.473,35037,1261.32
35037,10679.27726,9.803363186,,,2565.1,35037,2024,,2565.1,1504619.201,35037,2024,,2770.308,1502607.473,35037,1862.08
35456,10806.98845,9.80332389,,,2592.7,35456,1952,,2592.7,1504342.599,35456,1952,,2800.116,1502309.232,35456,1795.84
35875,10934.69965,9.803284594,,,2620.6,35875,1880,,2620.6,1504063.057,35875,1880,,2830.248,1502007.818,35875,1729.6
36295,11062.71565,9.803245204,,,2650.6,36295,1635,,2650.6,1503762.916,36295,1635,,2862.648,1501684.158,36295,1504.2
36714,11190.42684,9.803205908,,,2682.6,36714,1569,,2682.6,1503443.186,36714,1569,,2897.208,1501339.339,36714,1443.48
37133,11318.13804,9.803166613,,,2715.3,37133,1503,,2715.3,1503116.596,37133,1503,,2932.524,1500987.113,37133,1382.76
37552,11445.84923,9.803127318,,,2748.7,37552,1436,,2748.7,1502783.146,37552,1436,,2968.596,1500627.478,37552,1321.12
37971,11573.56043,9.803088023,,,2782.9,37971,1367,,2782.9,1502441.857,37971,1367,,3005.532,1500259.376,37971,1257.64
38390,11701.27163,9.803048728,,,2818.1,38390,1298,,2818.1,1502090.767,38390,1298,,3043.548,1499880.689,38390,1194.16
38809,11828.98282,9.803009434,,,2854.4,38809,1227,,2854.4,1501728.897,38809,1227,,3082.752,1499490.36,38809,1128.84
39228,11956.69402,9.80297014,,,2891.8,39228,1166,,2891.8,1501356.246,39228,1166,,3123.144,1499088.388,39228,1072.72
39647,12084.40521,9.802930846,,,2930.3,39647,1113,,2930.3,1500972.816,39647,1113,,3164.724,1498674.773,39647,1023.96
40066,12212.11641,9.802891552,,,2970.1,40066,1059,,2970.1,1500576.644,40066,1059,,3207.708,1498247.399,40066,974.28
40485,12339.82761,9.802852259,,,3011.2,40485,1003,,3011.2,1500167.732,40485,1003,,3252.096,1497806.264,40485,922.76
40905,12467.8436,9.802812872,,,3053.9,40905,946,,3053.9,1499743.124,40905,946,,3298.212,1497348.179,40905,870.32
41324,12595.5548,9.802773579,,,3098.5,41324,886,,3098.5,1499299.909,41324,886,,3346.38,1496869.998,41324,815.12
41743,12723.26599,9.802734286,,,3145.3,41743,824,,3145.3,1498835.131,41743,824,,3396.924,1496368.528,41743,758.08
42162,12850.97719,9.802694993,,,3194.9,42162,760,,3194.9,1498342.91,42162,760,,3450.492,1495837.42,42162,699.2
42581,12978.68838,9.802655701,,,3247.8,42581,694,,3247.8,1497818.344,42581,694,,3507.624,1495271.378,42581,638.48
43000,13106.39958,9.802616409,,,3305,43000,625,,3305,1497251.63,43000,625,,3569.4,1494659.819,43000,575
