ADJUSTED G VALUE,,,,,,787-8 RAW DATA FROM PIANO X (< 3000 ROC),,,,787-9 NO PREADJUSTED FUEL BURNT & ROC (< 3000 ROC),,,,,9.80665
Altitude (feet) ,Altitude (m)*,Adjusted G*,RANGE (NM),PAYLOAD (KG),MASS INIT (KG) ,Fuel Burnt (kg) ,Altitude (feet) ,ROC (feet/min) ,,Fuel Burnt (kg) ,Weight (N)**,Altitude (feet) ,ROC (feet/min),,63710088
35,10.66799966,9.806646716,7400,STANDARD,227818,0,35,2357,,0,2234130.642,35,2357,,
198,60.35039807,9.806631421,,,,20.8,198,2349,,20.8,2233923.179,198,2349,,
361,110.0327965,9.806616126,,,,41.7,361,2341,,41.7,2233714.737,361,2341,,
523,159.4103949,9.806600925,,,,62.5,523,2333,,62.5,2233507.297,523,2333,,
686,209.0927933,9.806585631,,,,83.3,686,2325,,83.3,2233299.837,686,2325,,
849,258.7751917,9.806570336,,,,104.2,849,2317,,104.2,2233091.396,849,2317,,
1012,308.4575901,9.806555041,,,,125,1012,2309,,125,2232883.937,1012,2309,,
1174,357.8351885,9.806539841,,,,145.8,1174,2301,,145.8,2232676.5,1174,2301,,
1337,407.517587,9.806524546,,,,166.7,1337,2293,,166.7,2232468.061,1337,2293,,
1500,457.1999854,9.806509251,,,,187.5,1500,2285,,187.5,2232260.604,1500,2285,,
1500,457.1999854,9.806509251,,,,340.8,1500,2993,,340.8,2230757.266,1500,2993,,
1947,593.445581,9.806467309,,,,383.1,1947,2967,,383.1,2230332.912,1947,2967,,
2395,729.9959766,9.806425273,,,,425.3,2395,2941,,425.3,2229909.52,2395,2941,,
2842,866.2415723,9.806383331,,,,467.5,2842,2914,,467.5,2229486.153,2842,2914,,
3289,1002.487168,9.806341389,,,,509.8,3289,2888,,509.8,2229061.81,3289,2888,,
3737,1139.037564,9.806299354,,,,552.1,3737,2861,,552.1,2228637.448,3737,2861,,
4184,1275.283159,9.806257413,,,,594.4,4184,2834,,594.4,2228213.112,4184,2834,,
4632,1411.833555,9.806215378,,,,636.7,4632,2807,,636.7,2227788.758,4632,2807,,
5079,1548.07915,9.806173438,,,,679.1,5079,2779,,679.1,2227363.448,5079,2779,,
5526,1684.324746,9.806131497,,,,721.5,5526,2750,,721.5,2226938.142,5526,2750,,
5974,1820.875142,9.806089463,,,,764,5974,2720,,764,2226511.837,5974,2720,,
6421,1957.120737,9.806047524,,,,806.5,6421,2690,,806.5,2226085.557,6421,2690,,
6868,2093.366333,9.806005584,,,,849.2,6868,2659,,849.2,2225657.32,6868,2659,,
7316,2229.916729,9.805963551,,,,891.9,7316,2629,,891.9,2225229.065,7316,2629,,
7763,2366.162324,9.805921612,,,,934.7,7763,2598,,934.7,2224799.855,7763,2598,,
8211,2502.71272,9.805879579,,,,977.7,8211,2566,,977.7,2224368.666,8211,2566,,
8658,2638.958316,9.805837641,,,,1020.7,8658,2534,,1020.7,2223937.501,8658,2534,,
9105,2775.203911,9.805795703,,,,1063.9,9105,2502,,1063.9,2223504.379,9105,2502,,
9553,2911.754307,9.805753671,,,,1107.2,9553,2470,,1107.2,2223070.259,9553,2470,,
10000,3047.999902,9.805711733,,,,1150.7,10000,2437,,1150.7,2222634.203,10000,2437,,
10000,3047.999902,9.805711733,,,,1283.9,10000,2569,,1283.9,2221328.082,10000,2569,,
11180,3407.663891,9.805601027,,,,1397.2,11180,2473,,1397.2,2220192.029,11180,2473,,
12360,3767.327879,9.805490322,,,,1512,12360,2375,,1512,2219041.293,12360,2375,,
13540,4126.991868,9.805379619,,,,1628.5,13540,2275,,1628.5,2217873.913,13540,2275,,
14720,4486.655856,9.805268918,,,,1747,14720,2174,,1747,2216686.95,14720,2174,,
15900,4846.319845,9.805158219,,,,1867.6,15900,2077,,1867.6,2215479.422,15900,2077,,
17080,5205.983833,9.805047522,,,,1990.5,17080,1986,,1990.5,2214249.369,17080,1986,,
18259,5565.343022,9.804936921,,,,2115.9,18259,1893,,2115.9,2212994.853,18259,1893,,
19439,5925.00701,9.804826227,,,,2244.2,19439,1800,,2244.2,2211711.91,19439,1800,,
20619,6284.670999,9.804715536,,,,2375.7,20619,1709,,2375.7,2210397.621,20619,1709,,
21799,6644.334987,9.804604846,,,,2510.6,21799,1620,,2510.6,2209050.026,21799,1620,,
22979,7003.998976,9.804494158,,,,2649.4,22979,1531,,2649.4,2207664.223,22979,1531,,
24159,7363.662964,9.804383472,,,,2792.6,24159,1444,,2792.6,2206235.313,24159,1444,,
25339,7723.326953,9.804272788,,,,2940.8,25339,1357,,2940.8,2204757.413,25339,1357,,
26519,8082.990941,9.804162106,,,,3094.6,26519,1264,,3094.6,2203224.643,26519,1264,,
27699,8442.65493,9.804051425,,,,3255.3,27699,1172,,3255.3,2201624.259,27699,1172,,
28879,8802.318918,9.803940747,,,,3423.8,28879,1081,,3423.8,2199947.441,28879,1081,,
30059,9161.982907,9.80383007,,,,3601.6,30059,991,,3601.6,2198179.485,30059,991,,
31239,9521.646895,9.803719396,,,,3791.6,31239,887,,3791.6,2196291.963,31239,887,,
32418,9881.006084,9.803608817,,,,3997.5,32418,787,,3997.5,2194248.627,32418,787,,
32418,9881.006084,9.803608817,,,,3997.5,32418,1146,,3997.5,2194248.627,32418,1146,,
32607,9938.613282,9.80359109,,,,4021.2,32607,1126,,4021.2,2194012.315,32607,1126,,
32795,9995.91568,9.803573458,,,,4045.1,32795,1106,,4045.1,2193774.063,32795,1106,,
32984,10053.52288,9.803555732,,,,4069.4,32984,1086,,4069.4,2193531.87,32984,1086,,
33172,10110.82528,9.8035381,,,,4093.9,33172,1065,,4093.9,2193287.738,33172,1065,,
33361,10168.43247,9.803520373,,,,4118.7,33361,1044,,4118.7,2193040.645,33361,1044,,
33549,10225.73487,9.803502741,,,,4143.8,33549,1023,,4143.8,2192790.633,33549,1023,,
33738,10283.34207,9.803485015,,,,4169.3,33738,1001,,4169.3,2192536.679,33738,1001,,
33926,10340.64447,9.803467383,,,,4195.2,33926,979,,4195.2,2192278.826,33926,979,,
34115,10398.25167,9.803449657,,,,4221.4,34115,956,,4221.4,2192018.012,34115,956,,
34303,10455.55407,9.803432025,,,,4248.2,34303,933,,4248.2,2191751.337,34303,933,,
34492,10513.16126,9.8034143,,,,4275.4,34492,909,,4275.4,2191480.721,34492,909,,
34680,10570.46366,9.803396668,,,,4303.1,34680,885,,4303.1,2191205.226,34680,885,,
34869,10628.07086,9.803378942,,,,4331.4,34869,860,,4331.4,2190923.828,34869,860,,
35057,10685.37326,9.80336131,,,,4360.3,35057,834,,4360.3,2190636.571,35057,834,,
35246,10742.98046,9.803343585,,,,4389.9,35246,803,,4389.9,2190342.431,35246,803,,
35434,10800.28285,9.803325953,,,,4420.5,35434,771,,4420.5,2190038.51,35434,771,,
35623,10857.89005,9.803308227,,,,4452,35623,738,,4452,2189725.746,35623,738,,
35811,10915.19245,9.803290596,,,,4484.7,35811,704,,4484.7,2189401.24,35811,704,,
36000,10972.79965,9.80327287,,,,4518.7,36000,669,,4518.7,2189063.97,36000,669,,
36000,10972.79965,9.80327287,,,,26628.4,36000,1013,,26628.4,1972316.547,36000,1013,,
36105,11004.80365,9.803263023,,,,26642.3,36105,899,,26642.3,1972178.301,36105,899,,
36211,11037.11245,9.803253082,,,,26657,36211,883,,26657,1972032.193,36211,883,,
36316,11069.11645,9.803243234,,,,26672,36316,867,,26672,1971883.164,36316,867,,
36421,11101.12044,9.803233387,,,,26687.1,36421,850,,26687.1,1971733.154,36421,850,,
36526,11133.12444,9.80322354,,,,26702.4,36526,834,,26702.4,1971581.184,36526,834,,
36632,11165.43324,9.803213599,,,,26718,36632,817,,26718,1971426.255,36632,817,,
36737,11197.43724,9.803203751,,,,26733.8,36737,800,,26733.8,1971269.384,36737,800,,
36842,11229.44124,9.803193904,,,,26749.9,36842,783,,26749.9,1971109.572,36842,783,,
36947,11261.44524,9.803184057,,,,26766.2,36947,765,,26766.2,1970947.8,36947,765,,
37053,11293.75404,9.803174116,,,,26782.8,37053,748,,26782.8,1970783.069,37053,748,,
37158,11325.75804,9.803164268,,,,26799.7,37158,730,,26799.7,1970615.416,37158,730,,
37263,11357.76204,9.803154421,,,,26817,37263,713,,26817,1970443.842,37263,713,,
37368,11389.76604,9.803144574,,,,26834.5,37368,695,,26834.5,1970270.307,37368,695,,
37474,11422.07483,9.803134633,,,,26852.5,37474,676,,26852.5,1970091.853,37474,676,,
37579,11454.07883,9.803124786,,,,26870.8,37579,658,,26870.8,1969910.477,37579,658,,
37684,11486.08283,9.803114938,,,,26889.5,37684,639,,26889.5,1969725.18,37684,639,,
37789,11518.08683,9.803105091,,,,26908.7,37789,621,,26908.7,1969534.982,37789,621,,
37895,11550.39563,9.80309515,,,,26928.4,37895,602,,26928.4,1969339.864,37895,602,,
38000,11582.39963,9.803085303,,,,26948.6,38000,582,,26948.6,1969139.863,38000,582,,
38000,11582.39963,9.803085303,,,,45149.9,38000,875,,45149.9,1790710.966,38000,875,,
38105,11614.40363,9.803075456,,,,45163.7,38105,857,,45163.7,1790573.885,38105,857,,
38211,11646.71243,9.803065515,,,,45177.6,38211,840,,45177.6,1790435.807,38211,840,,
38316,11678.71643,9.803055668,,,,45191.7,38316,822,,45191.7,1790295.785,38316,822,,
38421,11710.72043,9.803045821,,,,45206,38421,804,,45206,1790153.803,38421,804,,
38526,11742.72442,9.803035974,,,,45220.6,38526,785,,45220.6,1790008.881,38526,785,,
38632,11775.03322,9.803026033,,,,45235.5,38632,767,,45235.5,1789861.001,38632,767,,
38737,11807.03722,9.803016186,,,,45250.6,38737,748,,45250.6,1789711.177,38737,748,,
38842,11839.04122,9.803006339,,,,45266,38842,730,,45266,1789558.413,38842,730,,
38947,11871.04522,9.802996492,,,,45281.7,38947,711,,45281.7,1789402.709,38947,711,,
39053,11903.35402,9.802986551,,,,45297.7,39053,694,,45297.7,1789244.046,39053,694,,
39158,11935.35802,9.802976704,,,,45314,39158,679,,45314,1789082.46,39158,679,,
39263,11967.36202,9.802966857,,,,45330.6,39263,664,,45330.6,1788917.934,39263,664,,
39368,11999.36602,9.80295701,,,,45347.6,39368,649,,45347.6,1788749.487,39368,649,,
39474,12031.67481,9.80294707,,,,45364.8,39474,633,,45364.8,1788579.062,39474,633,,
39579,12063.67881,9.802937223,,,,45382.4,39579,618,,45382.4,1788404.734,39579,618,,
39684,12095.68281,9.802927376,,,,45400.3,39684,602,,45400.3,1788227.465,39684,602,,
39789,12127.68681,9.802917529,,,,45418.7,39789,586,,45418.7,1788045.295,39789,586,,
39895,12159.99561,9.802907588,,,,45437.5,39895,570,,45437.5,1787859.187,39895,570,,
40000,12191.99961,9.802897741,,,,45456.7,40000,553,,45456.7,1787669.176,40000,553,,
40000,12191.99961,9.802897741,,,,68050.2,40000,947,,68050.2,1566187.406,40000,947,,
40158,12240.15801,9.802882924,,,,68067.4,40158,926,,68067.4,1566016.429,40158,926,,
40316,12288.31641,9.802868107,,,,68084.9,40316,904,,68084.9,1565842.512,40316,904,,
40474,12336.47481,9.80285329,,,,68102.7,40474,883,,68102.7,1565665.654,40474,883,,
40632,12384.6332,9.802838473,,,,68120.8,40632,860,,68120.8,1565485.856,40632,860,,
40789,12432.4868,9.80282375,,,,68139.3,40789,838,,68139.3,1565302.153,40789,838,,
40947,12480.6452,9.802808933,,,,68158.1,40947,815,,68158.1,1565115.494,40947,815,,
41105,12528.8036,9.802794116,,,,68177.3,41105,792,,68177.3,1564924.915,41105,792,,
41263,12576.962,9.802779299,,,,68197,41263,768,,68197,1564729.434,41263,768,,
41421,12625.1204,9.802764482,,,,68217.1,41421,745,,68217.1,1564530.034,41421,745,,
41579,12673.27879,9.802749665,,,,68237.8,41579,720,,68237.8,1564324.752,41579,720,,
41737,12721.43719,9.802734848,,,,68258.9,41737,696,,68258.9,1564115.55,41737,696,,
41895,12769.59559,9.802720032,,,,68280.7,41895,671,,68280.7,1563899.487,41895,671,,
42053,12817.75399,9.802705215,,,,68303.2,42053,645,,68303.2,1563676.562,42053,645,,
42211,12865.91239,9.802690398,,,,68326.4,42211,619,,68326.4,1563446.776,42211,619,,
42368,12913.76599,9.802675675,,,,68350.4,42368,593,,68350.4,1563209.164,42368,593,,
42526,12961.92439,9.802660859,,,,68375.3,42526,566,,68375.3,1562962.714,42526,566,,
42684,13010.08278,9.802646042,,,,68401.2,42684,539,,68401.2,1562706.464,42684,539,,
42842,13058.24118,9.802631225,,,,68428.3,42842,512,,68428.3,1562438.45,42842,512,,
43000,13106.39958,9.802616409,,,,68456.6,43000,483,,68456.6,1562158.675,43000,483,,
0,0,9.80665,7400,10000,211368,0,35,2580,,0,2072811.997,35,2580,,
19,5.791199815,9.806648217,,,,19,198,2572,,19,2072625.294,198,2572,,
38,11.58239963,9.806646434,,,,38,361,2564,,38,2072438.591,361,2564,,
57,17.37359944,9.806644651,,,,57,523,2556,,57,2072251.888,523,2556,,
76,23.16479926,9.806642869,,,,76,686,2548,,76,2072065.185,686,2548,,
95,28.95599907,9.806641086,,,,95,849,2540,,95,2071878.482,849,2540,,
114,34.74719889,9.806639303,,,,114,1012,2531,,114,2071691.779,1012,2531,,
133,40.5383987,9.80663752,,,,133,1174,2523,,133,2071505.077,1174,2523,,
152,46.32959852,9.806635737,,,,152,1337,2515,,152,2071318.374,1337,2515,,
171,52.12079833,9.806633955,,,,171,1500,2507,,171,2071131.671,1500,2507,,
770.4,234.8179125,9.806577711,,,,770.4,6868,2996,,770.4,2065241.73,6868,2996,,
808.3,246.3698321,9.806574155,,,,808.3,7316,2963,,808.3,2064869.312,7316,2963,,
846.3,257.9522317,9.806570589,,,,846.3,7763,2931,,846.3,2064495.912,7763,2931,,
884.3,269.5346314,9.806567024,,,,884.3,8211,2897,,884.3,2064122.511,8211,2897,,
922.4,281.147511,9.806563449,,,,922.4,8658,2864,,922.4,2063748.129,8658,2864,,
960.6,292.7908706,9.806559864,,,,960.6,9105,2830,,960.6,2063372.764,9105,2830,,
998.9,304.4647103,9.80655627,,,,998.9,9553,2796,,998.9,2062996.417,9553,2796,,
1037.3,316.1690299,9.806552667,,,,1037.3,10000,2761,,1037.3,2062619.087,10000,2761,,
1150.4,350.6419088,9.806542055,,,,1150.4,10000,2837,,1150.4,2061507.735,10000,2837,,
1255.6,382.7068678,9.806532184,,,,1255.6,11213,2733,,1255.6,2060474.013,11213,2733,,
1362,415.1375867,9.8065222,,,,1362,12425,2626,,1362,2059428.501,12425,2626,,
1469.8,447.9950257,9.806512085,,,,1469.8,13638,2517,,1469.8,2058369.235,13638,2517,,
1579.4,481.4011046,9.806501801,,,,1579.4,14850,2407,,1579.4,2057292.284,14850,2407,,
1690.8,515.3558235,9.806491348,,,,1690.8,16063,2298,,1690.8,2056197.648,16063,2298,,
1804.2,549.9201424,9.806480708,,,,1804.2,17275,2199,,1804.2,2055083.362,17275,2199,,
1919.7,585.1245413,9.806469871,,,,1919.7,18488,2098,,1919.7,2053948.443,18488,2098,,
2037.7,621.0909401,9.806458798,,,,2037.7,19701,1996,,2037.7,2052788.962,19701,1996,,
2158.4,657.8802989,9.806447473,,,,2158.4,20913,1898,,2158.4,2051602.953,20913,1898,,
2282.1,695.5840577,9.806435866,,,,2282.1,22126,1801,,2282.1,2050387.469,22126,1801,,
2409.1,734.2936565,9.80642395,,,,2409.1,23338,1704,,2409.1,2049139.562,23338,1704,,
2539.9,774.1614952,9.806411677,,,,2539.9,24551,1610,,2539.9,2047854.318,24551,1610,,
2674.9,815.3094939,9.80639901,,,,2674.9,25763,1511,,2674.9,2046527.809,25763,1511,,
2814.9,857.9814925,9.806385874,,,,2814.9,26976,1410,,2814.9,2045152.174,26976,1410,,
2960.6,902.3908511,9.806372203,,,,2960.6,28188,1310,,2960.6,2043720.534,28188,1310,,
3113,948.8423696,9.806357903,,,,3113,29401,1211,,3113,2042223.065,29401,1211,,
3273.5,997.7627681,9.806342844,,,,3273.5,30614,1105,,3273.5,2040646.011,30614,1105,,
3444.3,1049.822606,9.806326818,,,,3444.3,31826,995,,3444.3,2038967.755,31826,995,,
3628.1,1105.844845,9.806309572,,,,3628.1,33039,891,,3628.1,2037161.77,33039,891,,
3628.1,1105.844845,9.806309572,,,,3628.1,33039,1302,,3628.1,2037161.77,33039,1302,,
3644.9,1110.965484,9.806307996,,,,3644.9,33195,1286,,3644.9,2036996.696,33195,1286,,
3661.9,1116.147084,9.806306401,,,,3661.9,33350,1270,,3661.9,2036829.658,33350,1270,,
3679,1121.359164,9.806304796,,,,3679,33506,1253,,3679,2036661.637,33506,1253,,
3696.2,1126.601724,9.806303182,,,,3696.2,33662,1237,,3696.2,2036492.633,33662,1237,,
3713.6,1131.905244,9.80630155,,,,3713.6,33818,1220,,3713.6,2036321.665,33818,1220,,
3731.1,1137.239244,9.806299908,,,,3731.1,33974,1203,,3731.1,2036149.713,33974,1203,,
3748.7,1142.603723,9.806298256,,,,3748.7,34130,1186,,3748.7,2035976.78,34130,1186,,
3766.5,1148.029163,9.806296586,,,,3766.5,34286,1168,,3766.5,2035801.881,34286,1168,,
3784.5,1153.515563,9.806294897,,,,3784.5,34441,1150,,3784.5,2035625.017,34441,1150,,
3802.6,1159.032443,9.806293199,,,,3802.6,34597,1133,,3802.6,2035447.17,34597,1133,,
3820.9,1164.610283,9.806291482,,,,3820.9,34753,1114,,3820.9,2035267.359,34753,1114,,
3839.4,1170.249083,9.806289746,,,,3839.4,34909,1096,,3839.4,2035085.582,34909,1096,,
3858.1,1175.948842,9.806287991,,,,3858.1,35065,1075,,3858.1,2034901.84,35065,1075,,
3877,1181.709562,9.806286218,,,,3877,35221,1051,,3877,2034716.134,35221,1051,,
3896.3,1187.592202,9.806284407,,,,3896.3,35377,1027,,3896.3,2034526.497,35377,1027,,
3915.8,1193.535802,9.806282578,,,,3915.8,35532,1003,,3915.8,2034334.895,35532,1003,,
3935.7,1199.601322,9.80628071,,,,3935.7,35688,978,,3935.7,2034139.362,35688,978,,
3955.9,1205.758281,9.806278815,,,,3955.9,35844,953,,3955.9,2033940.882,35844,953,,
3976.5,1212.037161,9.806276882,,,,3976.5,36000,928,,3976.5,2033738.472,36000,928,,
10171.2,3100.181661,9.805695671,,,,10171.2,36000,1012,,10171.2,1972874.591,36000,1012,,
10185.1,3104.418381,9.805694367,,,,10185.1,36105,899,,10185.1,1972738.029,36105,899,,
10199.8,3108.898941,9.805692988,,,,10199.8,36211,883,,10199.8,1972593.608,36211,883,,
10214.7,3113.44046,9.80569159,,,,10214.7,36316,866,,10214.7,1972447.222,36316,866,,
10229.9,3118.07342,9.805690164,,,,10229.9,36421,850,,10229.9,1972297.889,36421,850,,
10245.2,3122.73686,9.805688729,,,,10245.2,36526,833,,10245.2,1972147.573,36526,833,,
10260.8,3127.49174,9.805687265,,,,10260.8,36632,817,,10260.8,1971994.31,36632,817,,
10276.6,3132.30758,9.805685783,,,,10276.6,36737,800,,10276.6,1971839.082,36737,800,,
10292.7,3137.21486,9.805684272,,,,10292.7,36842,783,,10292.7,1971680.907,36842,783,,
10309,3142.183099,9.805682743,,,,10309,36947,765,,10309,1971520.767,36947,765,,
10325.6,3147.242779,9.805681186,,,,10325.6,37053,748,,10325.6,1971357.679,37053,748,,
10342.6,3152.424379,9.805679591,,,,10342.6,37158,730,,10342.6,1971190.662,37158,730,,
10359.8,3157.666939,9.805677977,,,,10359.8,37263,712,,10359.8,1971021.68,37263,712,,
10377.4,3163.031419,9.805676326,,,,10377.4,37368,694,,10377.4,1970848.768,37368,694,,
10395.3,3168.487339,9.805674647,,,,10395.3,37474,676,,10395.3,1970672.909,37474,676,,
10413.6,3174.065178,9.80567293,,,,10413.6,37579,658,,10413.6,1970493.12,37579,658,,
10432.4,3179.795418,9.805671166,,,,10432.4,37684,639,,10432.4,1970308.419,37684,639,,
10451.6,3185.647578,9.805669364,,,,10451.6,37789,620,,10451.6,1970119.788,37789,620,,
10471.2,3191.621658,9.805667526,,,,10471.2,37895,601,,10471.2,1969927.228,37895,601,,
10491.4,3197.778618,9.80566563,,,,10491.4,38000,582,,10491.4,1969728.773,38000,582,,
28694.5,8746.08332,9.803958052,,,,28694.5,38000,875,,28694.5,1790923.331,38000,875,,
28708.2,8750.25908,9.803956767,,,,28708.2,38105,857,,28708.2,1790788.782,38105,857,,
28722.1,8754.4958,9.803955463,,,,28722.1,38211,839,,28722.1,1790652.269,38211,839,,
28736.2,8758.79348,9.803954141,,,,28736.2,38316,822,,28736.2,1790513.792,38316,822,,
28750.6,8763.1826,9.80395279,,,,28750.6,38421,803,,28750.6,1790372.368,38421,803,,
28765.2,8767.632679,9.803951421,,,,28765.2,38526,785,,28765.2,1790228.981,38526,785,,
28780,8772.143719,9.803950033,,,,28780,38632,767,,28780,1790083.629,38632,767,,
28795.2,8776.776679,9.803948607,,,,28795.2,38737,748,,28795.2,1789934.348,38737,748,,
28810.6,8781.470599,9.803947163,,,,28810.6,38842,729,,28810.6,1789783.104,38842,729,,
28826.3,8786.255959,9.80394569,,,,28826.3,38947,711,,28826.3,1789628.913,38947,711,,
28842.3,8791.132759,9.803944189,,,,28842.3,39053,694,,28842.3,1789471.776,39053,694,,
28858.6,8796.100999,9.80394266,,,,28858.6,39158,679,,28858.6,1789311.693,39158,679,,
28875.2,8801.160678,9.803941103,,,,28875.2,39263,664,,28875.2,1789148.663,39263,664,,
28892.1,8806.311798,9.803939518,,,,28892.1,39368,649,,28892.1,1788982.687,39368,649,,
28909.4,8811.584838,9.803937896,,,,28909.4,39474,633,,28909.4,1788812.783,39474,633,,
28927,8816.949318,9.803936245,,,,28927,39579,618,,28927,1788639.932,39579,618,,
28944.9,8822.405238,9.803934566,,,,28944.9,39684,602,,28944.9,1788464.136,39684,602,,
28963.3,8828.013558,9.80393284,,,,28963.3,39789,586,,28963.3,1788283.429,39789,586,,
28982.1,8833.743797,9.803931077,,,,28982.1,39895,570,,28982.1,1788098.793,39895,570,,
29001.3,8839.595957,9.803929276,,,,29001.3,40000,553,,29001.3,1787910.229,40000,553,,
51596.9,15726.73462,9.80181028,,,,51596.9,40000,947,,51596.9,1566046.01,40000,947,,
51614.1,15731.97718,9.801808667,,,,51614.1,40158,926,,51614.1,1565877.162,40158,926,,
51631.6,15737.31118,9.801807026,,,,51631.6,40316,904,,51631.6,1565705.368,40316,904,,
51649.4,15742.73662,9.801805357,,,,51649.4,40474,883,,51649.4,1565530.629,40474,883,,
51667.5,15748.2535,9.80180366,,,,51667.5,40632,860,,51667.5,1565352.945,40632,860,,
51686,15753.8923,9.801801926,,,,51686,40789,838,,51686,1565171.335,40789,838,,
51704.8,15759.62254,9.801800163,,,,51704.8,40947,815,,51704.8,1564986.78,40947,815,,
51724,15765.4747,9.801798363,,,,51724,41105,792,,51724,1564798.298,41105,792,,
51743.7,15771.47926,9.801796515,,,,51743.7,41263,768,,51743.7,1564604.908,41263,768,,
51763.8,15777.60574,9.801794631,,,,51763.8,41421,745,,51763.8,1564407.591,41421,745,,
51784.5,15783.91509,9.80179269,,,,51784.5,41579,720,,51784.5,1564204.384,41579,720,,
51805.7,15790.37685,9.801790702,,,,51805.7,41737,696,,51805.7,1563996.269,41737,696,,
51827.5,15797.02149,9.801788658,,,,51827.5,41895,671,,51827.5,1563782.263,41895,671,,
51849.9,15803.84901,9.801786558,,,,51849.9,42053,645,,51849.9,1563562.368,42053,645,,
51873.1,15810.92037,9.801784382,,,,51873.1,42211,619,,51873.1,1563334.62,42211,619,,
51897.1,15818.23557,9.801782132,,,,51897.1,42368,593,,51897.1,1563099.018,42368,593,,
51922,15825.82509,9.801779797,,,,51922,42526,566,,51922,1562854.582,42526,566,,
51947.9,15833.71941,9.801777369,,,,51947.9,42684,539,,51947.9,1562600.328,42684,539,,
51975,15841.97949,9.801774828,,,,51975,42842,511,,51975,1562334.295,42842,511,,
52003.3,15850.60533,9.801772174,,,,52003.3,43000,483,,52003.3,1562056.482,43000,483,,
35,10.66799966,9.806646716,7400,0,196454,0,35,2804,,0,1926554.974,35,2804,,
198,60.35039807,9.806631421,,,,17.5,198,2796,,17.5,1926380.353,198,2796,,
361,110.0327965,9.806616126,,,,35,361,2788,,35,1926205.733,361,2788,,
523,159.4103949,9.806600925,,,,52.4,523,2779,,52.4,1926032.112,523,2779,,
686,209.0927933,9.806585631,,,,69.9,686,2771,,69.9,1925857.493,686,2771,,
849,258.7751917,9.806570336,,,,87.3,849,2763,,87.3,1925683.855,849,2763,,
1012,308.4575901,9.806555041,,,,104.7,1012,2755,,104.7,1925510.218,1012,2755,,
1174,357.8351885,9.806539841,,,,122.2,1174,2747,,122.2,1925335.619,1174,2747,,
1337,407.517587,9.806524546,,,,139.6,1337,2738,,139.6,1925161.982,1337,2738,,
1500,457.1999854,9.806509251,,,,157,1500,2730,,157,1924988.347,1500,2730,,
12482,3804.513478,9.805478877,,,,1239.9,12482,2885,,1239.9,1914167.734,12482,2885,,
13723,4182.770266,9.805362451,,,,1340.1,13723,2767,,1340.1,1913162.509,13723,2767,,
14964,4561.027054,9.805246028,,,,1441.7,14964,2647,,1441.7,1912143.58,14964,2647,,
16205,4939.283842,9.805129607,,,,1544.9,16205,2528,,1544.9,1911108.987,16205,2528,,
17446,5317.54063,9.805013188,,,,1649.8,17446,2419,,1649.8,1910057.75,17446,2419,,
18687,5695.797418,9.804896771,,,,1756.7,18687,2309,,1756.7,1908986.928,18687,2309,,
19927,6073.749406,9.804780449,,,,1865.6,19927,2198,,1865.6,1907896.54,19927,2198,,
21168,6452.006194,9.804664036,,,,1977,21168,2093,,1977,1906781.648,21168,2093,,
22409,6830.262981,9.804547626,,,,2090.8,22409,1987,,2090.8,1905643.251,22409,1987,,
23650,7208.519769,9.804431217,,,,2207.6,23650,1882,,2207.6,1904475.468,23650,1882,,
24891,7586.776557,9.80431481,,,,2327.6,24891,1779,,2327.6,1903276.339,24891,1779,,
26132,7965.033345,9.804198406,,,,2451.4,26132,1669,,2451.4,1902039.982,26132,1669,,
27373,8343.290133,9.804082003,,,,2579.5,27373,1559,,2579.5,1900761.496,27373,1559,,
28614,8721.546921,9.803965603,,,,2712.5,28614,1451,,2712.5,1899435.002,28614,1451,,
29855,9099.803709,9.803849204,,,,2851.3,29855,1344,,2851.3,1898051.676,29855,1344,,
31096,9478.060497,9.803732808,,,,2997.2,31096,1222,,2997.2,1896598.777,31096,1222,,
32337,9856.317285,9.803616414,,,,3152,32337,1107,,3152,1895058.66,32337,1107,,
33578,10234.57407,9.803500021,,,,3317.6,33578,999,,3317.6,1893412.702,33578,999,,
33578,10234.57407,9.803500021,,,,3317.6,33578,1463,,3317.6,1893412.702,33578,1463,,
33810,10305.28767,9.803478263,,,,3339.7,33810,1439,,3339.7,1893191.842,33810,1439,,
34043,10376.30607,9.80345641,,,,3361.9,34043,1414,,3361.9,1892969.985,34043,1414,,
34276,10447.32447,9.803434558,,,,3384.3,34276,1389,,3384.3,1892746.169,34276,1389,,
34509,10518.34286,9.803412705,,,,3407,34509,1364,,3407,1892519.413,34509,1364,,
34741,10589.05646,9.803390947,,,,3429.8,34741,1339,,3429.8,1892291.695,34741,1339,,
34974,10660.07486,9.803369094,,,,3452.9,34974,1313,,3452.9,1892061.019,34974,1313,,
35207,10731.09326,9.803347242,,,,3476.3,35207,1279,,3476.3,1891827.403,35207,1279,,
35440,10802.11165,9.80332539,,,,3500.1,35440,1243,,3500.1,1891589.867,35440,1243,,
35672,10872.82525,9.803303632,,,,3524.2,35672,1207,,3524.2,1891349.409,35672,1207,,
35905,10943.84365,9.80328178,,,,3548.8,35905,1171,,3548.8,1891104.032,35905,1171,,
36138,11014.86205,9.803259928,,,,3575.1,36138,1028,,3575.1,1890841.991,36138,1028,,
36371,11085.88045,9.803238076,,,,3603.3,36371,995,,3603.3,1890561.325,36371,995,,
36603,11156.59404,9.803216318,,,,3632.2,36603,961,,3632.2,1890273.816,36603,961,,
36836,11227.61244,9.803194467,,,,3661.7,36836,926,,3661.7,1889980.409,36836,926,,
37069,11298.63084,9.803172615,,,,3692.1,37069,891,,3692.1,1889678.179,37069,891,,
37302,11369.64924,9.803150764,,,,3723.2,37302,855,,3723.2,1889369.089,37302,855,,
37534,11440.36283,9.803129006,,,,3755.4,37534,819,,3755.4,1889049.235,37534,819,,
37767,11511.38123,9.803107155,,,,3788.6,37767,781,,3788.6,1888719.561,37767,781,,
38000,11582.39963,9.803085303,,,,3823,38000,743,,3823,1888378.125,38000,743,,
38000,11582.39963,9.803085303,,,,14544.6,38000,887,,14544.6,1783273.366,38000,887,,
38105,11614.40363,9.803075456,,,,14558.2,38105,869,,14558.2,1783138.253,38105,869,,
38211,11646.71243,9.803065515,,,,14571.9,38211,852,,14571.9,1783002.142,38211,852,,
38316,11678.71643,9.803055668,,,,14585.8,38316,834,,14585.8,1782864.089,38316,834,,
38421,11710.72043,9.803045821,,,,14600,38421,816,,14600,1782723.095,38421,816,,
38526,11742.72442,9.803035974,,,,14614.3,38526,798,,14614.3,1782581.121,38526,798,,
38632,11775.03322,9.803026033,,,,14628.9,38632,779,,14628.9,1782436.189,38632,779,,
38737,11807.03722,9.803016186,,,,14643.8,38737,761,,14643.8,1782288.333,38737,761,,
38842,11839.04122,9.803006339,,,,14659,38842,742,,14659,1782137.537,38842,742,,
38947,11871.04522,9.802996492,,,,14674.4,38947,723,,14674.4,1781984.781,38947,723,,
39053,11903.35402,9.802986551,,,,14690.1,39053,706,,14690.1,1781829.067,39053,706,,
39158,11935.35802,9.802976704,,,,14706.1,39158,692,,14706.1,1781670.43,39158,692,,
39263,11967.36202,9.802966857,,,,14722.4,39263,677,,14722.4,1781508.852,39263,677,,
39368,11999.36602,9.80295701,,,,14739,39368,662,,14739,1781344.333,39368,662,,
39474,12031.67481,9.80294707,,,,14755.9,39474,646,,14755.9,1781176.857,39474,646,,
39579,12063.67881,9.802937223,,,,14773.1,39579,631,,14773.1,1781006.457,39579,631,,
39684,12095.68281,9.802927376,,,,14790.7,39684,615,,14790.7,1780832.137,39684,615,,
39789,12127.68681,9.802917529,,,,14808.7,39789,599,,14808.7,1780653.895,39789,599,,
39895,12159.99561,9.802907588,,,,14827.1,39895,583,,14827.1,1780471.716,39895,583,,
40000,12191.99961,9.802897741,,,,14845.8,40000,567,,14845.8,1780286.614,40000,567,,
40000,12191.99961,9.802897741,,,,36713.2,40000,948,,36713.2,1565922.728,40000,948,,
40158,12240.15801,9.802882924,,,,36730.4,40158,926,,36730.4,1565751.751,40158,926,,
40316,12288.31641,9.802868107,,,,36747.9,40316,905,,36747.9,1565577.834,40316,905,,
40474,12336.47481,9.80285329,,,,36765.7,40474,883,,36765.7,1565400.977,40474,883,,
40632,12384.6332,9.802838473,,,,36783.8,40632,861,,36783.8,1565221.18,40632,861,,
40789,12432.4868,9.80282375,,,,36802.2,40789,838,,36802.2,1565038.457,40789,838,,
40947,12480.6452,9.802808933,,,,36821,40947,816,,36821,1564851.798,40947,816,,
41105,12528.8036,9.802794116,,,,36840.3,41105,792,,36840.3,1564660.239,41105,792,,
41263,12576.962,9.802779299,,,,36859.9,41263,769,,36859.9,1564465.74,41263,769,,
41421,12625.1204,9.802764482,,,,36880,41421,745,,36880,1564266.339,41421,745,,
41579,12673.27879,9.802749665,,,,36900.7,41579,721,,36900.7,1564061.058,41579,721,,
41737,12721.43719,9.802734848,,,,36921.8,41737,696,,36921.8,1563851.856,41737,696,,
41895,12769.59559,9.802720032,,,,36943.6,41895,671,,36943.6,1563635.793,41895,671,,
42053,12817.75399,9.802705215,,,,36966,42053,646,,36966,1563413.849,42053,646,,
42211,12865.91239,9.802690398,,,,36989.2,42211,620,,36989.2,1563184.064,42211,620,,
42368,12913.76599,9.802675675,,,,37013.2,42368,594,,37013.2,1562946.452,42368,594,,
42526,12961.92439,9.802660859,,,,37038.1,42526,567,,37038.1,1562700.003,42526,567,,
42684,13010.08278,9.802646042,,,,37064,42684,540,,37064,1562443.753,42684,540,,
42842,13058.24118,9.802631225,,,,37091,42842,512,,37091,1562176.72,42842,512,,
43000,13106.39958,9.802616409,,,,37119.3,43000,484,,37119.3,1561896.945,43000,484,,
26067,7945.221346,9.804204502,500,0,130228,1489.1,26067,2941,,1489.1,1262182.503,26067,2941,,
27405,8353.043733,9.804079002,,,,1566.7,27405,2768,,1566.7,1261405.55,27405,2768,,
28744,8761.17092,9.803953409,,,,1646.4,28744,2599,,1646.4,1260608.016,28744,2599,,
30083,9169.298107,9.803827819,,,,1728.5,30083,2429,,1728.5,1259786.973,30083,2429,,
31422,9577.425294,9.803702232,,,,1813.6,31422,2232,,1813.6,1258936.54,31422,2232,,
32761,9985.55248,9.803576647,,,,1902.3,32761,2050,,1902.3,1258050.836,32761,2050,,
34100,10393.67967,9.803451064,,,,1994.8,34100,1895,,1994.8,1257127.901,34100,1895,,
35439,10801.80685,9.803325484,,,,2092,35439,1739,,2092,1256158.914,35439,1739,,
35439,10801.80685,9.803325484,,,,2092,35439,2569,,2092,1256158.914,35439,2569,,
35837,10923.11725,9.803288157,,,,2112.2,35837,2492,,2112.2,1255956.105,35837,2492,,
36235,11044.42765,9.803250831,,,,2133.6,36235,2183,,2133.6,1255741.533,36235,2183,,
36633,11165.73804,9.803213505,,,,2156.4,36633,2114,,2156.4,1255513.239,36633,2114,,
37031,11287.04844,9.803176179,,,,2179.5,37031,2044,,2179.5,1255282.005,37031,2044,,
37429,11408.35883,9.803138853,,,,2202.8,37429,1973,,2202.8,1255048.812,37429,1973,,
37826,11529.36443,9.803101621,,,,2226.6,37826,1902,,2226.6,1254810.732,37826,1902,,
38224,11650.67483,9.803064296,,,,2250.7,38224,1829,,2250.7,1254569.7,38224,1829,,
38622,11771.98522,9.803026971,,,,2275.2,38622,1755,,2275.2,1254324.749,38622,1755,,
39020,11893.29562,9.802989646,,,,2300.2,39020,1682,,2300.2,1254074.899,39020,1682,,
39418,12014.60602,9.802952321,,,,2325.7,39418,1630,,2325.7,1253820.149,39418,1630,,
39816,12135.91641,9.802914997,,,,2351.5,39816,1577,,2351.5,1253562.46,39816,1577,,
40214,12257.22681,9.802877673,,,,2377.8,40214,1523,,2377.8,1253299.871,40214,1523,,
40612,12378.5372,9.802840349,,,,2404.5,40612,1468,,2404.5,1253033.363,40612,1468,,
41010,12499.8476,9.802803025,,,,2431.8,41010,1412,,2431.8,1252760.976,41010,1412,,
41408,12621.158,9.802765701,,,,2459.8,41408,1356,,2459.8,1252481.729,41408,1356,,
41806,12742.46839,9.802728378,,,,2488.3,41806,1298,,2488.3,1252197.582,41806,1298,,
42204,12863.77879,9.802691055,,,,2517.7,42204,1239,,2517.7,1251904.615,42204,1239,,
42602,12985.08918,9.802653732,,,,2547.8,42602,1179,,2547.8,1251604.789,42602,1179,,
43000,13106.39958,9.802616409,,,,2579,43000,1117,,2579,1251294.182,43000,1117,,
20542,6261.2014,9.804722759,3500,0,156045,1449.7,20542,2917,,1449.7,1515764.056,20542,2917,,
21860,6662.927787,9.804599124,,,,1537,21860,2780,,1537,1514889.001,21860,2780,,
23178,7064.654174,9.804475491,,,,1626.1,23178,2644,,1626.1,1513996.32,23178,2644,,
24495,7466.075761,9.804351955,,,,1717.2,24495,2508,,1717.2,1513084.068,24495,2508,,
25813,7867.802148,9.804228327,,,,1810.5,25813,2365,,1810.5,1512150.254,25813,2365,,
27131,8269.528535,9.804104702,,,,1906.4,27131,2222,,1906.4,1511190.973,27131,2222,,
28449,8671.254923,9.803981079,,,,2005.2,28449,2080,,2005.2,1510203.285,28449,2080,,
29766,9072.67651,9.803857552,,,,2107.4,29766,1940,,2107.4,1509182.302,29766,1940,,
31084,9474.402897,9.803733933,,,,2213.6,31084,1781,,2213.6,1508122.116,31084,1781,,
32402,9876.129284,9.803610317,,,,2324.8,32402,1627,,2324.8,1507012.939,32402,1627,,
33720,10277.85567,9.803486704,,,,2441.7,33720,1494,,2441.7,1505847.909,33720,1494,,
35037,10679.27726,9.803363186,,,,2565.1,35037,1371,,2565.1,1504619.201,35037,1371,,
35037,10679.27726,9.803363186,,,,2565.1,35037,2024,,2565.1,1504619.201,35037,2024,,
35456,10806.98845,9.80332389,,,,2592.7,35456,1952,,2592.7,1504342.599,35456,1952,,
35875,10934.69965,9.803284594,,,,2620.6,35875,1880,,2620.6,1504063.057,35875,1880,,
36295,11062.71565,9.803245204,,,,2650.6,36295,1635,,2650.6,1503762.916,36295,1635,,
36714,11190.42684,9.803205908,,,,2682.6,36714,1569,,2682.6,1503443.186,36714,1569,,
37133,11318.13804,9.803166613,,,,2715.3,37133,1503,,2715.3,1503116.596,37133,1503,,
37552,11445.84923,9.803127318,,,,2748.7,37552,1436,,2748.7,1502783.146,37552,1436,,
37971,11573.56043,9.803088023,,,,2782.9,37971,1367,,2782.9,1502441.857,37971,1367,,
38390,11701.27163,9.803048728,,,,2818.1,38390,1298,,2818.1,1502090.767,38390,1298,,
38809,11828.98282,9.803009434,,,,2854.4,38809,1227,,2854.4,1501728.897,38809,1227,,
39228,11956.69402,9.80297014,,,,2891.8,39228,1166,,2891.8,1501356.246,39228,1166,,
39647,12084.40521,9.802930846,,,,2930.3,39647,1113,,2930.3,1500972.816,39647,1113,,
40066,12212.11641,9.802891552,,,,2970.1,40066,1059,,2970.1,1500576.644,40066,1059,,
40485,12339.82761,9.802852259,,,,3011.2,40485,1003,,3011.2,1500167.732,40485,1003,,
40905,12467.8436,9.802812872,,,,3053.9,40905,946,,3053.9,1499743.124,40905,946,,
41324,12595.5548,9.802773579,,,,3098.5,41324,886,,3098.5,1499299.909,41324,886,,
41743,12723.26599,9.802734286,,,,3145.3,41743,824,,3145.3,1498835.131,41743,824,,
42162,12850.97719,9.802694993,,,,3194.9,42162,760,,3194.9,1498342.91,42162,760,,
42581,12978.68838,9.802655701,,,,3247.8,42581,694,,3247.8,1497818.344,42581,694,,
43000,13106.39958,9.802616409,NEW DATA SET STARTS HERE,,,3305,43000,625,,3305,1497251.63,43000,625,,
17782,5419.953427,9.804981668,3500,10000,168155,1385.7,17782,2929,,1385.7,1635169.929,17782,2929,,
19079,5815.279014,9.804859998,,,,1476.8,19079,2799,,1476.8,1634256.416,19079,2799,,
20376,6210.604601,9.80473833,,,,1569.5,20376,2668,,1569.5,1633327.237,20376,2668,,
21673,6605.930189,9.804616665,,,,1663.9,21673,2543,,1663.9,1632381.414,21673,2543,,
22969,7000.950976,9.804495096,,,,1760.4,22969,2417,,1760.4,1631415.04,22969,2417,,
24266,7396.276563,9.804373435,,,,1859,24266,2292,,1859,1630428.085,24266,2292,,
25563,7791.602151,9.804251777,,,,1960.2,25563,2163,,1960.2,1629415.663,25563,2163,,
26860,8186.927738,9.804130121,,,,2064.3,26860,2030,,2064.3,1628374.835,26860,2030,,
28157,8582.253325,9.804008467,,,,2171.7,28157,1900,,2171.7,1627301.679,28157,1900,,
29454,8977.578913,9.803886815,,,,2282.8,29454,1771,,2282.8,1626192.275,29454,1771,,
30751,9372.9045,9.803765166,,,,2398.5,30751,1629,,2398.5,1625037.801,30751,1629,,
32048,9768.230087,9.803643519,,,,2519.9,32048,1485,,2519.9,1623827.475,32048,1485,,
33345,10163.55567,9.803521874,,,,2647.7,33345,1358,,2647.7,1622554.436,33345,1358,,
34642,10558.88126,9.803400232,,,,2783.2,34642,1241,,2783.2,1621205.942,34642,1241,,
34642,10558.88126,9.803400232,,,,2783.2,34642,1828,,2783.2,1621205.942,34642,1828,,
34924,10644.83486,9.803373784,,,,2803.9,34924,1797,,2803.9,1620998.639,34924,1797,,
35206,10730.78846,9.803347336,,,,2824.7,35206,1756,,2824.7,1620790.356,35206,1756,,
35488,10816.74205,9.803320888,,,,2845.8,35488,1710,,2845.8,1620579.133,35488,1710,,
35770,10902.69565,9.803294441,,,,2867.1,35770,1664,,2867.1,1620365.951,35770,1664,,
36052,10988.64925,9.803267994,,,,2888.8,36052,1617,,2888.8,1620148.849,36052,1617,,
36334,11074.60285,9.803241546,,,,2911.8,36334,1422,,2911.8,1619919.003,36334,1422,,
36616,11160.55644,9.803215099,,,,2936.4,36616,1380,,2936.4,1619673.474,36616,1380,,
36898,11246.51004,9.803188652,,,,2961.4,36898,1337,,2961.4,1619424.025,36898,1337,,
37180,11332.46364,9.803162205,,,,2986.8,37180,1294,,2986.8,1619170.656,37180,1294,,
37462,11418.41723,9.803135758,,,,3012.7,37462,1251,,3012.7,1618912.386,37462,1251,,
37744,11504.37083,9.803109312,,,,3039.2,37744,1207,,3039.2,1618648.236,37744,1207,,
38026,11590.32443,9.803082865,,,,3066.2,38026,1162,,3066.2,1618379.186,38026,1162,,
38308,11676.27803,9.803056418,,,,3093.8,38308,1116,,3093.8,1618104.256,38308,1116,,
38590,11762.23162,9.803029972,,,,3122.2,38590,1070,,3122.2,1617821.485,38590,1070,,
38872,11848.18522,9.803003526,,,,3151.3,38872,1023,,3151.3,1617531.853,38872,1023,,
39154,11934.13882,9.802977079,,,,3181.2,39154,983,,3181.2,1617234.38,39154,983,,
39436,12020.09242,9.802950633,,,,3212,39436,947,,3212,1616928.086,39436,947,,
39718,12106.04601,9.802924187,,,,3243.5,39718,911,,3243.5,1616614.932,39718,911,,
40000,12191.99961,9.802897741,,,,3276,40000,873,,3276,1616291.977,40000,873,,
40000,12191.99961,9.802897741,,,,8462.7,40000,949,,8462.7,1565447.287,40000,949,,
40158,12240.15801,9.802882924,,,,8479.9,40158,927,,8479.9,1565276.311,40158,927,,
40316,12288.31641,9.802868107,,,,8497.3,40316,906,,8497.3,1565103.375,40316,906,,
40474,12336.47481,9.80285329,,,,8515.1,40474,884,,8515.1,1564926.519,40474,884,,
40632,12384.6332,9.802838473,,,,8533.2,40632,862,,8533.2,1564746.722,40632,862,,
40789,12432.4868,9.80282375,,,,8551.6,40789,839,,8551.6,1564564,40789,839,,
40947,12480.6452,9.802808933,,,,8570.4,40947,817,,8570.4,1564377.342,40947,817,,
41105,12528.8036,9.802794116,,,,8589.6,41105,793,,8589.6,1564186.764,41105,793,,
41263,12576.962,9.802779299,,,,8609.3,41263,770,,8609.3,1563991.285,41263,770,,
41421,12625.1204,9.802764482,,,,8629.3,41421,746,,8629.3,1563792.866,41421,746,,
41579,12673.27879,9.802749665,,,,8649.9,41579,722,,8649.9,1563588.566,41579,722,,
41737,12721.43719,9.802734848,,,,8671.1,41737,697,,8671.1,1563378.384,41737,697,,
41895,12769.59559,9.802720032,,,,8692.8,41895,672,,8692.8,1563163.302,41895,672,,
42053,12817.75399,9.802705215,,,,8715.3,42053,647,,8715.3,1562940.379,42053,647,,
42211,12865.91239,9.802690398,,,,8738.4,42211,621,,8738.4,1562711.574,42211,621,,
42368,12913.76599,9.802675675,,,,8762.3,42368,595,,8762.3,1562474.943,42368,595,,
42526,12961.92439,9.802660859,,,,8787.2,42526,568,,8787.2,1562228.495,42526,568,,
42684,13010.08278,9.802646042,,,,8813,42684,541,,8813,1561973.226,42684,541,,
42842,13058.24118,9.802631225,,,,8840,42842,513,,8840,1561706.194,42842,513,,
43000,13106.39958,9.802616409,,,,8868.2,43000,485,,8868.2,1561427.399,43000,485,,
16427,5006.94944,9.805108781,3500,15000,174261,1347.7,16427,2936,,1347.7,1695433.716,16427,2936,,
17713,5398.922227,9.80498814,,,,1440.6,17713,2806,,1440.6,1694501.972,17713,2806,,
18998,5790.590215,9.804867596,,,,1535,18998,2681,,1535,1693555.56,18998,2681,,
20284,6182.563002,9.80474696,,,,1631.2,20284,2555,,1631.2,1692591.507,20284,2555,,
21569,6574.23099,9.804626421,,,,1729.3,21569,2434,,1729.3,1691608.864,21569,2434,,
22854,6965.898977,9.804505883,,,,1829.4,22854,2314,,1829.4,1690606.637,22854,2314,,
24140,7357.871765,9.804385254,,,,1931.9,24140,2193,,1931.9,1689580.887,24140,2193,,
25425,7749.539752,9.804264721,,,,2037,25425,2071,,2037,1688529.687,25425,2071,,
26711,8141.512539,9.804144097,,,,2145.3,26711,1943,,2145.3,1687447.124,26711,1943,,
27996,8533.180527,9.804023568,,,,2257,27996,1818,,2257,1686331.27,27996,1818,,
29282,8925.153314,9.803902948,,,,2372.8,29282,1694,,2372.8,1685175.231,29282,1694,,
30567,9316.821302,9.803782424,,,,2493.4,30567,1561,,2493.4,1683972.178,30567,1561,,
31852,9708.489289,9.803661902,,,,2619.9,31852,1421,,2619.9,1682711.313,31852,1421,,
33138,10100.46208,9.803541288,,,,2753.4,33138,1298,,2753.4,1681381.838,33138,1298,,
34423,10492.13006,9.803420771,,,,2895,34423,1183,,2895,1679973.004,34423,1183,,
34423,10492.13006,9.803420771,,,,2895,34423,1739,,2895,1679973.004,34423,1739,,
34717,10581.74126,9.803393198,,,,2917.8,34717,1708,,2917.8,1679744.761,34717,1708,,
35010,10671.04766,9.803365718,,,,2940.8,35010,1675,,2940.8,1679514.576,35010,1675,,
35304,10760.65886,9.803338145,,,,2964,35304,1629,,2964,1679282.414,35304,1629,,
35597,10849.96525,9.803310666,,,,2987.5,35597,1582,,2987.5,1679047.329,35597,1582,,
35891,10939.57645,9.803283093,,,,3011.3,35891,1535,,3011.3,1678809.289,35891,1535,,
36184,11028.88285,9.803255614,,,,3036.8,36184,1347,,3036.8,1678554.6,36184,1347,,
36478,11118.49404,9.803228041,,,,3064,36478,1304,,3064,1678283.231,36478,1304,,
36771,11207.80044,9.803200563,,,,3091.7,36771,1261,,3091.7,1678006.978,36771,1261,,
37065,11297.41164,9.80317299,,,,3120,37065,1217,,3120,1677724.829,37065,1217,,
37358,11386.71804,9.803145512,,,,3148.8,37358,1172,,3148.8,1677437.795,37358,1172,,
37652,11476.32923,9.80311794,,,,3178.4,37652,1127,,3178.4,1677142.905,37652,1127,,
37945,11565.63563,9.803090461,,,,3208.6,37945,1081,,3208.6,1676842.151,37945,1081,,
38239,11655.24683,9.803062889,,,,3239.7,38239,1034,,3239.7,1676532.559,38239,1034,,
38532,11744.55322,9.803035411,,,,3271.7,38532,986,,3271.7,1676214.163,38532,986,,
38826,11834.16442,9.80300784,,,,3304.8,38826,938,,3304.8,1675884.969,38826,938,,
39119,11923.47082,9.802980362,,,,3338.9,39119,893,,3338.9,1675545.99,39119,893,,
39413,12013.08202,9.80295279,,,,3374.2,39413,856,,3374.2,1675195.233,39413,856,,
39706,12102.38841,9.802925313,,,,3410.7,39706,817,,3410.7,1674832.731,39706,817,,
40000,12191.99961,9.802897741,,,,3448.5,40000,777,,3448.5,1674457.47,40000,777,,
40000,12191.99961,9.802897741,,,,14509.2,40000,948,,14509.2,1566030.559,40000,948,,
40158,12240.15801,9.802882924,,,,14526.4,40158,926,,14526.4,1565859.583,40158,926,,
40316,12288.31641,9.802868107,,,,14543.9,40316,905,,14543.9,1565685.666,40316,905,,
40474,12336.47481,9.80285329,,,,14561.7,40474,883,,14561.7,1565508.808,40474,883,,
40632,12384.6332,9.802838473,,,,14579.8,40632,861,,14579.8,1565329.011,40632,861,,
40789,12432.4868,9.80282375,,,,14598.2,40789,838,,14598.2,1565146.288,40789,838,,
40947,12480.6452,9.802808933,,,,14617.1,40947,815,,14617.1,1564958.649,40947,815,,
41105,12528.8036,9.802794116,,,,14636.3,41105,792,,14636.3,1564768.07,41105,792,,
41263,12576.962,9.802779299,,,,14656,41263,769,,14656,1564572.59,41263,769,,
41421,12625.1204,9.802764482,,,,14676.1,41421,745,,14676.1,1564373.19,41421,745,,
41579,12673.27879,9.802749665,,,,14696.7,41579,721,,14696.7,1564168.888,41579,721,,
41737,12721.43719,9.802734848,,,,14717.9,41737,696,,14717.9,1563958.706,41737,696,,
41895,12769.59559,9.802720032,,,,14739.7,41895,671,,14739.7,1563742.643,41895,671,,
42053,12817.75399,9.802705215,,,,14762.1,42053,646,,14762.1,1563520.699,42053,646,,
42211,12865.91239,9.802690398,,,,14785.3,42211,620,,14785.3,1563290.913,42211,620,,
42368,12913.76599,9.802675675,,,,14809.3,42368,593,,14809.3,1563053.301,42368,593,,
42526,12961.92439,9.802660859,,,,14834.2,42526,567,,14834.2,1562806.852,42526,567,,
42684,13010.08278,9.802646042,,,,14860.1,42684,540,,14860.1,1562550.601,42684,540,,
42842,13058.24118,9.802631225,,,,14887.1,42842,512,,14887.1,1562283.569,42842,512,,
43000,13106.39958,9.802616409,,,,14915.4,43000,484,,14915.4,1562003.793,43000,484,,
15082,4596.993453,9.805234958,3500,20000,180390,1306,15082,2946,,1306,1755960.697,15082,2946,,
16353,4984.39424,9.805115723,,,,1400.6,16353,2814,,1400.6,1755011.78,16353,2814,,
17624,5371.795028,9.804996489,,,,1496.6,17624,2691,,1496.6,1754049.159,17624,2691,,
18894,5758.891016,9.804877352,,,,1594.3,18894,2571,,1594.3,1753069.91,18894,2571,,
20165,6146.291803,9.804758123,,,,1693.8,20165,2449,,1693.8,1752073.019,20165,2449,,
21435,6533.387791,9.804638991,,,,1795.3,21435,2333,,1795.3,1751056.559,21435,2333,,
22706,6920.788579,9.804519766,,,,1899,22706,2218,,1899,1750018.538,22706,2218,,
23977,7308.189366,9.804400544,,,,2005.2,23977,2102,,2005.2,1748956.03,23977,2102,,
25247,7695.285354,9.804281418,,,,2114.2,25247,1986,,2114.2,1747866.113,25247,1986,,
26518,8082.686141,9.8041622,,,,2226.4,26518,1864,,2226.4,1746744.832,26518,1864,,
27788,8469.782129,9.804043078,,,,2342.3,27788,1743,,2342.3,1745587.321,27788,1743,,
29059,8857.182917,9.803923864,,,,2462.5,29059,1624,,2462.5,1744387.663,29059,1624,,
30330,9244.583704,9.803804653,,,,2587.6,30330,1501,,2587.6,1743139.996,30330,1501,,
31600,9631.679692,9.803685537,,,,2719,31600,1366,,2719,1741830.613,31600,1366,,
32871,10019.08048,9.80356633,,,,2857.8,32871,1244,,2857.8,1740448.698,32871,1244,,
34141,10406.17647,9.803447219,,,,3005.4,34141,1131,,3005.4,1738980.564,34141,1131,,
34141,10406.17647,9.803447219,,,,3005.4,34141,1662,,3005.4,1738980.564,34141,1662,,
34450,10500.35966,9.803418239,,,,3030.7,34450,1629,,3030.7,1738727.396,34450,1629,,
34758,10594.23806,9.803389352,,,,3056.2,34758,1596,,3056.2,1738472.287,34758,1596,,
35066,10688.11646,9.803360466,,,,3081.9,35066,1560,,3081.9,1738215.218,35066,1560,,
35375,10782.29965,9.803331486,,,,3108,35375,1512,,3108,1737954.213,35375,1512,,
35683,10876.17805,9.8033026,,,,3134.5,35683,1463,,3134.5,1737689.304,35683,1463,,
35991,10970.05645,9.803273714,,,,3161.5,35991,1414,,3161.5,1737419.496,35991,1414,,
36300,11064.23965,9.803244735,,,,3190.4,36300,1236,,3190.4,1737131.046,36300,1236,,
36608,11158.11804,9.803215849,,,,3221.4,36608,1192,,3221.4,1736822.028,36608,1192,,
36917,11252.30124,9.80318687,,,,3253,36917,1146,,3253,1736507.113,36917,1146,,
37225,11346.17964,9.803157985,,,,3285.4,37225,1100,,3285.4,1736184.374,37225,1100,,
37533,11440.05803,9.8031291,,,,3318.7,37533,1053,,3318.7,1735852.814,37533,1053,,
37842,11534.24123,9.803100121,,,,3353,37842,1005,,3353,1735511.436,37842,1005,,
38150,11628.11963,9.803071236,,,,3388.4,38150,956,,3388.4,1735159.294,38150,956,,
38458,11721.99802,9.803042351,,,,3425,38458,906,,3425,1734795.39,38458,906,,
38767,11816.18122,9.803013373,,,,3463,38767,855,,3463,1734417.747,38767,855,,
39075,11910.05962,9.802984488,,,,3502.7,39075,806,,3502.7,1734023.458,39075,806,,
39383,12003.93802,9.802955604,,,,3544,39383,765,,3544,1733613.487,39383,765,,
39692,12098.12121,9.802926626,,,,3587.1,39692,723,,3587.1,1733185.856,39692,723,,
40000,12191.99961,9.802897741,,,,3632.2,40000,679,,3632.2,1732738.638,40000,679,,
40000,12191.99961,9.802897741,,,,20612.1,40000,947,,20612.1,1566286.415,40000,947,,
40158,12240.15801,9.802882924,,,,20629.3,40158,926,,20629.3,1566115.438,40158,926,,
40316,12288.31641,9.802868107,,,,20646.8,40316,904,,20646.8,1565941.521,40316,904,,
40474,12336.47481,9.80285329,,,,20664.6,40474,882,,20664.6,1565764.663,40474,882,,
40632,12384.6332,9.802838473,,,,20682.8,40632,860,,20682.8,1565583.885,40632,860,,
40789,12432.4868,9.80282375,,,,20701.2,40789,838,,20701.2,1565401.161,40789,838,,
40947,12480.6452,9.802808933,,,,20720.1,40947,815,,20720.1,1565213.522,40947,815,,
41105,12528.8036,9.802794116,,,,20739.3,41105,792,,20739.3,1565022.943,41105,792,,
41263,12576.962,9.802779299,,,,20759,41263,768,,20759,1564827.462,41263,768,,
41421,12625.1204,9.802764482,,,,20779.1,41421,744,,20779.1,1564628.061,41421,744,,
41579,12673.27879,9.802749665,,,,20799.7,41579,720,,20799.7,1564423.76,41579,720,,
41737,12721.43719,9.802734848,,,,20820.9,41737,696,,20820.9,1564213.577,41737,696,,
41895,12769.59559,9.802720032,,,,20842.7,41895,671,,20842.7,1563997.514,41895,671,,
42053,12817.75399,9.802705215,,,,20865.2,42053,645,,20865.2,1563774.589,42053,645,,
42211,12865.91239,9.802690398,,,,20888.4,42211,619,,20888.4,1563544.803,42211,619,,
42368,12913.76599,9.802675675,,,,20912.4,42368,593,,20912.4,1563307.19,42368,593,,
42526,12961.92439,9.802660859,,,,20937.3,42526,566,,20937.3,1563060.741,42526,566,,
42684,13010.08278,9.802646042,,,,20963.2,42684,539,,20963.2,1562804.49,42684,539,,
42842,13058.24118,9.802631225,,,,20990.3,42842,511,,20990.3,1562536.477,42842,511,,
43000,13106.39958,9.802616409,,,,21018.6,43000,483,,21018.6,1562256.701,43000,483,,
35,10.66799966,9.806646716,3500,25000,186546,0,35,2966,,0,1829390.718,35,2966,,
198,60.35039807,9.806631421,,,,16.5,198,2958,,16.5,1829226.056,198,2958,,
361,110.0327965,9.806616126,,,,33,361,2950,,33,1829061.394,361,2950,,
523,159.4103949,9.806600925,,,,49.5,523,2941,,49.5,1828896.749,523,2941,,
686,209.0927933,9.806585631,,,,66,686,2933,,66,1828732.088,686,2933,,
849,258.7751917,9.806570336,,,,82.4,849,2925,,82.4,1828568.408,849,2925,,
1012,308.4575901,9.806555041,,,,98.9,1012,2917,,98.9,1828403.748,1012,2917,,
1174,357.8351885,9.806539841,,,,115.3,1174,2908,,115.3,1828240.087,1174,2908,,
1337,407.517587,9.806524546,,,,131.8,1337,2900,,131.8,1828075.428,1337,2900,,
1500,457.1999854,9.806509251,,,,148.2,1500,2892,,148.2,1827911.75,1500,2892,,
13777,4199.229466,9.805357385,,,,1260.6,13777,2953,,1260.6,1816789.565,13777,2953,,
15037,4583.277453,9.80523918,,,,1356.9,15037,2826,,1356.9,1815823.419,15037,2826,,
16296,4967.020641,9.80512107,,,,1454.8,16296,2699,,1454.8,1814841.625,16296,2699,,
17555,5350.763829,9.805002962,,,,1554.2,17555,2582,,1554.2,1813845.147,17555,2582,,
18814,5734.507016,9.804884857,,,,1655.3,18814,2466,,1655.3,1812832.025,18814,2466,,
20073,6118.250204,9.804766754,,,,1758.4,20073,2348,,1758.4,1811799.317,20073,2348,,
21332,6501.993392,9.804648652,,,,1863.6,21332,2237,,1863.6,1810746.044,21332,2237,,
22591,6885.73658,9.804530553,,,,1971.2,22591,2125,,1971.2,1809669.266,22591,2125,,
23850,7269.479767,9.804412457,,,,2081.4,23850,2014,,2081.4,1808567.022,23850,2014,,
25110,7653.527755,9.804294268,,,,2194.5,25110,1904,,2194.5,1807436.355,25110,1904,,
26369,8037.270943,9.804176175,,,,2311,26369,1786,,2311,1806272.398,26369,1786,,
27628,8421.014131,9.804058085,,,,2431.6,27628,1670,,2431.6,1805068.272,27628,1670,,
28887,8804.757318,9.803939997,,,,2556.6,28887,1555,,2556.6,1803821.038,28887,1555,,
30146,9188.500506,9.80382191,,,,2686.8,30146,1439,,2686.8,1802522.853,30146,1439,,
31405,9572.243694,9.803703826,,,,2823.6,31405,1308,,2823.6,1801159.996,31405,1308,,
32664,9955.986881,9.803585744,,,,2968.3,32664,1190,,2968.3,1799719.723,32664,1190,,
33923,10339.73007,9.803467665,,,,3122.6,33923,1078,,3122.6,1798185.371,33923,1078,,
33923,10339.73007,9.803467665,,,,3122.6,33923,1582,,3122.6,1798185.371,33923,1582,,
34138,10405.26207,9.8034475,,,,3141.2,34138,1560,,3141.2,1797999.328,34138,1560,,
34353,10470.79406,9.803427336,,,,3159.9,34353,1537,,3159.9,1797812.306,34353,1537,,
34567,10536.02126,9.803407266,,,,3178.7,34567,1514,,3178.7,1797624.321,34567,1514,,
34782,10601.55326,9.803387101,,,,3197.7,34782,1491,,3197.7,1797434.359,34782,1491,,
34996,10666.78046,9.803367031,,,,3216.8,34996,1468,,3216.8,1797243.435,34996,1468,,
35211,10732.31246,9.803346867,,,,3236.1,35211,1435,,3236.1,1797050.534,35211,1435,,
35425,10797.53965,9.803326797,,,,3255.6,35425,1402,,3255.6,1796855.69,35425,1402,,
35640,10863.07165,9.803306633,,,,3275.3,35640,1369,,3275.3,1796658.869,35640,1369,,
35854,10928.29885,9.803286563,,,,3295.4,35854,1335,,3295.4,1796458.145,35854,1335,,
36069,10993.83085,9.803266399,,,,3315.7,36069,1301,,3315.7,1796255.443,36069,1301,,
36284,11059.36285,9.803246236,,,,3337.4,36284,1148,,3337.4,1796039.018,36284,1148,,
36498,11124.59004,9.803226166,,,,3360.5,36498,1117,,3360.5,1795808.887,36498,1117,,
36713,11190.12204,9.803206002,,,,3384,36713,1086,,3384,1795574.818,36713,1086,,
36927,11255.34924,9.803185932,,,,3407.9,36927,1055,,3407.9,1795336.846,36927,1055,,
37142,11320.88124,9.803165769,,,,3432.4,37142,1022,,3432.4,1795092.975,37142,1022,,
37356,11386.10844,9.803145699,,,,3457.3,37356,990,,3457.3,1794845.202,37356,990,,
37571,11451.64043,9.803125536,,,,3482.7,37571,957,,3482.7,1794592.511,37571,957,,
37785,11516.86763,9.803105466,,,,3508.8,37785,923,,3508.8,1794332.976,37785,923,,
38000,11582.39963,9.803085303,,,,3535.5,38000,889,,3535.5,1794067.543,38000,889,,
38000,11582.39963,9.803085303,,,,3858.9,38000,875,,3858.9,1790897.225,38000,875,,
38105,11614.40363,9.803075456,,,,3872.7,38105,857,,3872.7,1790760.144,38105,857,,
38211,11646.71243,9.803065515,,,,3886.6,38211,839,,3886.6,1790622.065,38211,839,,
38316,11678.71643,9.803055668,,,,3900.7,38316,821,,3900.7,1790482.043,38316,821,,
38421,11710.72043,9.803045821,,,,3915.1,38421,803,,3915.1,1790339.081,38421,803,,
38526,11742.72442,9.803035974,,,,3929.7,38526,785,,3929.7,1790194.158,38526,785,,
38632,11775.03322,9.803026033,,,,3944.5,38632,767,,3944.5,1790047.258,38632,767,,
38737,11807.03722,9.803016186,,,,3959.6,38737,748,,3959.6,1789897.435,38737,748,,
38842,11839.04122,9.803006339,,,,3975.1,38842,729,,3975.1,1789743.69,38842,729,,
38947,11871.04522,9.802996492,,,,3990.8,38947,710,,3990.8,1789587.985,38947,710,,
39053,11903.35402,9.802986551,,,,4006.8,39053,693,,4006.8,1789429.323,39053,693,,
39158,11935.35802,9.802976704,,,,4023.1,39158,679,,4023.1,1789267.737,39158,679,,
39263,11967.36202,9.802966857,,,,4039.7,39263,664,,4039.7,1789103.21,39263,664,,
39368,11999.36602,9.80295701,,,,4056.6,39368,648,,4056.6,1788935.743,39368,648,,
39474,12031.67481,9.80294707,,,,4073.9,39474,633,,4073.9,1788764.338,39474,633,,
39579,12063.67881,9.802937223,,,,4091.5,39579,617,,4091.5,1788590.01,39579,617,,
39684,12095.68281,9.802927376,,,,4109.4,39684,602,,4109.4,1788412.74,39684,602,,
39789,12127.68681,9.802917529,,,,4127.8,39789,586,,4127.8,1788230.57,39789,586,,
39895,12159.99561,9.802907588,,,,4146.6,39895,569,,4146.6,1788044.462,39895,569,,
40000,12191.99961,9.802897741,,,,4165.9,40000,553,,4165.9,1787853.47,40000,553,,
40000,12191.99961,9.802897741,,,,26766.2,40000,947,,26766.2,1566305.041,40000,947,,
40158,12240.15801,9.802882924,,,,26783.4,40158,926,,26783.4,1566134.063,40158,926,,
40316,12288.31641,9.802868107,,,,26800.9,40316,904,,26800.9,1565960.146,40316,904,,
40474,12336.47481,9.80285329,,,,26818.7,40474,882,,26818.7,1565783.288,40474,882,,
40632,12384.6332,9.802838473,,,,26836.8,40632,860,,26836.8,1565603.49,40632,860,,
40789,12432.4868,9.80282375,,,,26855.3,40789,838,,26855.3,1565419.787,40789,838,,
40947,12480.6452,9.802808933,,,,26874.1,40947,815,,26874.1,1565233.128,40947,815,,
41105,12528.8036,9.802794116,,,,26893.4,41105,792,,26893.4,1565041.568,41105,792,,
41263,12576.962,9.802779299,,,,26913,41263,768,,26913,1564847.068,41263,768,,
41421,12625.1204,9.802764482,,,,26933.2,41421,744,,26933.2,1564646.687,41421,744,,
41579,12673.27879,9.802749665,,,,26953.8,41579,720,,26953.8,1564442.385,41579,720,,
41737,12721.43719,9.802734848,,,,26975,41737,696,,26975,1564232.202,41737,696,,
41895,12769.59559,9.802720032,,,,26996.8,41895,671,,26996.8,1564016.139,41895,671,,
42053,12817.75399,9.802705215,,,,27019.3,42053,645,,27019.3,1563793.214,42053,645,,
42211,12865.91239,9.802690398,,,,27042.5,42211,619,,27042.5,1563563.428,42211,619,,
42368,12913.76599,9.802675675,,,,27066.5,42368,593,,27066.5,1563325.815,42368,593,,
42526,12961.92439,9.802660859,,,,27091.4,42526,566,,27091.4,1563079.366,42526,566,,
42684,13010.08278,9.802646042,,,,27117.3,42684,539,,27117.3,1562823.115,42684,539,,
42842,13058.24118,9.802631225,,,,27144.4,42842,511,,27144.4,1562555.102,42842,511,,
43000,13106.39958,9.802616409,,,,27172.7,43000,483,,27172.7,1562275.326,43000,483,,
23323,7108.850173,9.80446189,2000,0,142697,1477.3,23323,2943,,1477.3,1384583.167,23323,2943,,
24655,7514.84376,9.804336947,,,,1559.6,24655,2794,,1559.6,1383758.625,24655,2794,,
25988,7921.142147,9.804211913,,,,1643.9,25988,2635,,1643.9,1382914.483,25988,2635,,
27320,8327.135734,9.804086974,,,,1730.4,27320,2478,,1730.4,1382048.807,27320,2478,,
28652,8733.129321,9.803962038,,,,1819.3,28652,2322,,1819.3,1381159.623,28652,2322,,
29984,9139.122908,9.803837105,,,,1911.1,29984,2170,,1911.1,1380242.03,29984,2170,,
31317,9545.421295,9.80371208,,,,2006.4,31317,1990,,2006.4,1379290.135,31317,1990,,
32649,9951.414882,9.803587151,,,,2106,32649,1822,,2106,1378296.121,32649,1822,,
33981,10357.40847,9.803462225,,,,2210.2,33981,1680,,2210.2,1377257.037,33981,1680,,
35314,10763.70686,9.803337207,,,,2320,35314,1539,,2320,1376163.067,35314,1539,,
35314,10763.70686,9.803337207,,,,2320,35314,2273,,2320,1376163.067,35314,2273,,
35718,10886.84605,9.803299318,,,,2343.4,35718,2200,,2343.4,1375928.351,35718,2200,,
36123,11010.29005,9.803261335,,,,2368.3,36123,1921,,2368.3,1375678.919,36123,1921,,
36527,11133.42924,9.803223446,,,,2394.8,36527,1856,,2394.8,1375413.817,36527,1856,,
36932,11256.87324,9.803185463,,,,2421.6,36932,1789,,2421.6,1375145.762,36932,1789,,
37336,11380.01244,9.803147575,,,,2449,37336,1721,,2449,1374871.841,37336,1721,,
37741,11503.45643,9.803109593,,,,2476.8,37741,1652,,2476.8,1374593.988,37741,1652,,
38145,11626.59563,9.803071705,,,,2505.2,38145,1582,,2505.2,1374310.268,38145,1582,,
38550,11750.03962,9.803033723,,,,2534.2,38550,1512,,2534.2,1374020.655,38550,1512,,
38955,11873.48362,9.802995742,,,,2563.9,38955,1440,,2563.9,1373724.183,38955,1440,,
39359,11996.62282,9.802957854,,,,2594.3,39359,1386,,2594.3,1373420.863,39359,1386,,
39764,12120.06681,9.802919873,,,,2625.4,39764,1335,,2625.4,1373110.671,39764,1335,,
40168,12243.20601,9.802881987,,,,2657.1,40168,1282,,2657.1,1372794.613,40168,1282,,
40573,12366.65,9.802844006,,,,2689.6,40573,1228,,2689.6,1372470.702,40573,1228,,
40977,12489.7892,9.802806119,,,,2723,40977,1172,,2723,1372137.984,40977,1172,,
41382,12613.2332,9.802768139,,,,2757.4,41382,1116,,2757.4,1371795.452,41382,1116,,
41786,12736.37239,9.802730253,,,,2792.9,41786,1057,,2792.9,1371442.154,41786,1057,,
42191,12859.81639,9.802692274,,,,2829.7,42191,998,,2829.7,1371076.101,42191,998,,
42595,12982.95558,9.802654388,,,,2868.1,42595,937,,2868.1,1370694.38,42595,937,,
43000,13106.39958,9.802616409,,,,2908.2,43000,874,,2908.2,1370295.985,43000,874,,